F606,F24880,L25719,LBY,Wright,Marilyn,2001-4-4,2001,2002,Platinum Advisors LLC,0,2001-4-4,2001-4-4
F606,E00259,L25890,LBY,Sher,Katherine,2001-6-1,2001,2002,California Nurses Association,0,2001-6-1,2001-6-1
F606,E00259,L25814,LBY,Nichols,Sara,2002-10-1,2001,2002,California Nurses Association,0,2002-10-1,2002-10-1
F606,1242005,L20893,LBY,Rea,Lisa M.,2002-10-21,2001,2002,Lisa M. Rea,0,2002-10-21,2002-10-21
F606,1242005,1242005,FRM,Lisa M. Rea,,2002-10-21,2001,2002,Lisa M. Rea,0,2002-10-21,2002-10-21
F606,E24730,L25151,LBY,Douglas,Steven P.,2002-3-1,2001,2002,Alliance of Automobile Manufacturers,0,2002-3-1,2002-3-1
F606,E00823,L24865,LBY,Schiavone,Ralph,2002-4-30,2001,2002,Union of American Physicians and Dentists,0,2002-4-30,2002-4-30
F606,C27903,C27903,,TAXPAYERS FOR FAIR COMPETITION,,2001-4-25,1999,2001,,0,2001-4-25,2001-4-25
F606,E00582,L00081,LEM,WALL,DANIEL J.,2002-3-8,2001,2002,LOS ANGELES COUNTY / CHIEF ADMINISTRATIVE OFFICE,0,2002-3-8,2002-3-8
F606,1238016,1238016,FRM,Downey Brand Seymour & Rohwer LLP,,2001-10-31,2001,2002,Downey Brand Seymour & Rohwer LLP,0,2001-10-31,2001-10-31
F606,C01289,C01289,LEM,HUGHES ELECTRONICS CORPORATION,,2002-7-22,2001,2002,,0,2002-7-22,2002-7-22
F606,E00254,L00108,LBY,CORLEY JR.,RAYMOND E.,2003-12-15,2003,2004,CALIFORNIA MUNICIPAL UTILITIES ASSOCIATION,0,2003-12-15,2003-12-15
F606,F24824,1255446,LBY,Abbett,Kelly J.,2003-8-19,2003,2004,"Miller, Owen & Trost",0,2003-8-19,2003-8-19
F606,1244522,1244525,LBY,Halberg,Richard H.,2004-8-13,2004,2004,HILL & KNOWLTON,0,2004-8-13,2004-8-13
F606,F24529,1224450,FRM,The Wildlands Conservancy,,2004-8-20,2003,2004,CONSERVATION STRATEGY GROUP LLC,0,2004-8-20,2004-8-20
F606,F24529,1245582,LBY,ENDANGERED HABITATS LEAGUE,,2004-8-20,2003,2004,CONSERVATION STRATEGY GROUP LLC,0,2004-8-20,2004-8-20
F606,1236996,1222945,LBY,HERNANDEZ,ANTHONY,2004-1-2,2003,2003,CH2M HILL,0,2004-1-2,2004-1-2
F606,F22685,F22685,LBY,MILLIGAN PAMELA K.,,2004-1-15,2003,2003,MILLIGAN PAMELA K.,0,2004-1-15,2004-1-15
F606,F24744,L25624,LBY,SANCHEZ,OLGA,2003-9-30,2003,2003,LEGISLATIVE ADVOCACY GROUP INC.,0,2003-9-30,2003-9-30
F606,1244522,1244522,LBY,HILL & KNOWLTON,,2004-8-20,2003,2004,HILL & KNOWLTON,0,2004-8-20,2004-8-20
F606,1244522,1244522,LBY,HILL & KNOWLTON AND RICH HALBERG,,2004-8-20,2003,2004,HILL & KNOWLTON,1,2004-8-20,2004-8-20
F606,1254015,1254017,LBY,Lynch,Mike,2004-5-11,2003,2004,Mike Lynch Consulting,0,2004-5-11,2004-5-11
F606,1254015,1254015,FRM,Mike Lynch Consulting,,2004-5-11,2003,2004,Mike Lynch Consulting,0,2004-5-11,2004-5-11
F606,E22568,L22569,LBY,Center,Chuck,2004-6-7,2003,2004,California State Council of Laborers,0,2004-6-7,2004-6-7
F606,C27766,C27766,LEM,The Ocean Conservancy,,2004-9-9,2003,2004,,0,2004-9-9,2004-9-9
F606,C28289,1251133,LBY,Cusack-Bowles,Susan K.,2004-9-10,2003,2004,"California Correctional Supervisors Organization, Inc.",0,2004-9-10,2004-9-10
F606,F00610,L25637,LBY,Edwards,Nolice J.,2004-11-22,2003,2004,"Aaron Read & Associates, LLC",0,2004-11-22,2004-11-22
F606,E01982,E01982,LEM,PACIFIC GAS AND ELECTRIC COMPANY,,2004-11-23,2003,2004,PACIFIC GAS AND ELECTRIC COMPANY,0,2004-11-23,2004-11-23
F606,E01982,1222984,LBY,PASKETT ALBRECHT,LORRAINE,2004-11-23,2003,2004,PACIFIC GAS AND ELECTRIC COMPANY,0,2004-11-23,2004-11-23
F606,E00169,L25821,LBY,BENSON,YOLANDA A.,2004-1-16,2003,2004,CALIFORNIA CHAMBER OF COMMERCE,0,2004-1-16,2004-1-16
F606,C27584,1253432,LBY,GONZALEZ,ALFREDO B.,2003-9-17,2003,2004,SOUTHERN CALIFORNIA ASSOCIATION OF GOVERNMENTS,0,2003-9-17,2003-9-17
F606,F24720,1240052,LBY,APILADO,KIMBERLY,2003-10-28,2001,2003,,0,2003-10-28,2003-10-28
F606,E24492,1241552,LBY,BERRY,JULIA D.,2003-10-30,2003,2004,AMERICAN FARMLAND TRUST,0,2003-10-30,2003-10-30
F606,E24740,E24740,LBY,PATTERSON,David,2003-10-30,2003,2003,CALIFORNIA NETWORK OF EDUCATIONAL CHARTERS (CANEC),0,2003-10-30,2003-10-30
F606,1232581,1232581,LBY,Hall,Joan,2003-10-31,2003,2003,Joan Hall Consulting,0,2003-10-31,2003-10-31
F606,F24515,C25076,LBY,CALIFORNIA AQUACULTURE ASSOCIATION (CAA),,2004-9-29,2003,2004,ECOCONSULT,0,2004-9-29,2004-9-29
F606,1235595,1243384,LBY,Wright,Sheron,2004-3-10,2003,2004,California State Conference of Branches of NAACP,0,2004-3-10,2004-3-10
F606,1245514,1245518,LBY,TOMAN,BRIAN W.,2004-4-30,2003,2004,PRESTON GATES ELLIS LLP,0,2004-4-30,2004-4-30
F606,E24727,L25178,LBY,HART,TIMOTHY J.,2004-10-19,2003,2004,CALIFORNIA DENTAL ASSOCIATION AND ITS WHOLLY OWNED SUBSIDIARIES,0,2004-10-19,2004-10-19
F606,E01348,1244607,LBY,Stammerjohan,David,2003-6-2,2003,2004,California Faculty Association,0,2003-6-2,2003-6-2
F606,E24587,1231563,LBY,FELIZZATTO,DANIEL,2003-6-3,2003,2004,LOS ANGELES COUNTY DISTRICT ATTORNEY'S OFFICE,0,2003-6-3,2003-6-3
F606,E24762,E24762,LEM,COMMUNICATION WORKERS OF AMERICA LOCAL 9400,,2003-7-29,2002,2003,"communications workers of ameria, Local 9400",0,2003-7-29,2003-7-29
F606,E00085,L25779,LBY,Spelliscy,Sandra A.,2003-8-1,2003,2004,Planning and Conservation League,0,2003-8-1,2003-8-1
F606,E24497,L22781,LBY,Gentzel,Margie,2003-8-8,2003,2004,"Protection and Advocacy, Inc",0,2003-8-8,2003-8-8
F606,E00169,1243954,LBY,COSTIGAN,RICHARD,2003-11-21,2003,2003,CALIFORNIA CHAMBER OF COMMERCE,0,2003-11-21,2003-11-21
F606,1263682,1264636,LCO,DE LUZ HOUSING LLC,,2004-10-29,2004,2004,CALIFORNIA LEGISLATIVE ADVOCATES,0,2004-10-29,2004-10-29
F606,E00679,1262716,LBY,Seeram,Santosh,2004-10-29,2003,2004,PLANNED PARENTHOOD AFFILIATES OF CALIFORNIA,0,2004-10-29,2004-10-29
F606,L25676,L25676,LBY,Stapf Walters,Karen,2004-4-20,2003,2004,Association of California School Administrators,0,2004-4-20,2004-4-20
F606,E01348,1262288,LBY,Green,Karon,2004-7-25,2003,2004,California Faculty Association,0,2004-7-25,2004-7-25
F606,E24587,1261663,LEM,RILEY,KATHLEEN,2004-6-22,2003,2004,COUNTY OF LOS ANGELES DISTRICT ATTORNEY'S OFFICE,0,2004-6-22,2004-6-22
F606,1244013,1244014,LBY,Huezo,Cristina,2004-7-21,2003,2004,National Council of La Raza,0,2004-7-21,2004-7-21
F606,L24700,L24700,LBY,Perez,Roy M.,2004-7-29,2003,2004,"Pacific Telesis Group and its Affiliates, including SBC",0,2004-7-29,2004-7-29
F606,1244013,1269676,LBY,Mosqueda,Terri,2004-11-1,2003,2004,National Council of La Raza,0,2004-11-1,2004-11-1
F606,E24497,1254233,LBY,Kessler,Alice,2003-4-30,2003,2004,"Protection and Advocacy, Inc",0,2003-4-30,2003-4-30
F606,1255383,1255383,LBY,Marshall,Patrick,2003-12-11,2003,2004,Pillsbury Winthrop LLP,0,2003-12-11,2003-12-11
F606,E24497,L25920,LBY,Knowlton,Virginia,2004-12-21,2003,2004,"Protection and Advocacy, Inc",0,2004-12-21,2004-12-21
F606,E01348,1262566,LBY,Torres,Jesus,2005-1-11,2003,2004,California Faculty Association,0,2005-1-11,2005-1-11
F606,C28030,L23750,LBY,Porter,Thomas A. (Tom),2005-4-4,2005,2005,AARP,0,2005-4-4,2005-4-4
F606,F00773,L25725,LBY,HUNTER,DELANEY L.,2005-4-19,2005,2006,SMITH WATTS & COMPANY,0,2005-4-19,2005-4-19
F606,1264151,C27272,LBY,SOUTH COAST AIR QUALITY MANAGEMENT DISTRICT,,2004-12-27,2004,2004,CAPITOL VENTURE LLC,0,2004-12-27,2004-12-27
F606,E00473,L22631,LBY,BUTTACAVOLI,RAYMOND D.,2005-3-31,2005,2006,GENERAL MOTORS CORPORATION,0,2005-3-31,2005-3-31
F606,F24766,F24766,FRM,"ADVOCACY GROUP, THE",,2005-5-26,2005,2006,,0,2005-5-26,2005-5-26
F606,E00138,L25855,LBY,Garrett,Amy,2005-4-29,2005,2006,CALIFORNIA ASSOCIATION OF REALTORS,0,2005-4-29,2005-4-29
F606,E00138,L23386,LBY,Reynolds,Eileen M.,2005-4-29,2005,2006,CALIFORNIA ASSOCIATION OF REALTORS,0,2005-4-29,2005-4-29
F606,F24744,1231998,LBY,ORTEGA,JESSE,2005-3-29,2005,2006,LEGISLATIVE ADVOCACY GROUP INC.,0,2005-3-29,2005-3-29
F606,E00169,1254270,LBY,HUGHES,TRUDI,2005-4-28,2005,2006,CALIFORNIA CHAMBER OF COMMERCE,0,2005-4-28,2005-4-28
F606,E24538,E24538,LBY,Scarlett,Robert E.,2005-2-25,2005,2006,"BLUE CROSS OF CALIFORNIA (A SUBSISIARY OF WELLPOINT HEALTH NETWORKS, INC.)",0,2005-2-25,2005-2-25
F606,C25836,C25836,LBY,GUYAN,SUZANNE,2005-4-15,2005,2006,COSTCO WHOLESALE CORPORATION,0,2005-4-15,2005-4-15
F606,F24832,L25610,LBY,CHAFE,BONNIE L.,2005-5-1,2005,2006,STATE AFFAIRS CO.,0,2005-5-1,2005-5-1
F606,C28030,1231942,LBY,De La Cruz,Lupe,2005-4-4,2000,2005,AARP,0,2005-4-4,2005-4-4
F606,E00062,L25240,LBY,DRUMM,M.T.,2005-4-5,2005,2006,AUTOMOBILE CLUB OF SOUTHERN CALIFORNIA/INTERINSURANCE EXCHANGE OF THE AUTOMOBILE CLUB/ACSC MANAGEMENT SERVICES INC.,0,2005-4-5,2005-4-5
F606,1253899,1253899,LBY,Brown,Devin,2005-4-5,2005,2006,IBM Corporation,0,2005-4-5,2005-4-5
F606,F00593,F00593,FRM,"KRAUSE & ASSOCIATES, ART",,2006-3-22,2005,2006,,0,2006-3-22,2006-3-22
F606,E00052,L25143,LBY,REEB,ROBERT J.,2005-7-21,2003,2004,ASSOCIATION OF CALIFORNIA WATER AGENCIES,0,2005-7-21,2005-7-21
F606,1254634,1254634,LBY,DAN WESTERN,,2005-9-19,2005,2006,DAN WESTERN,0,2005-9-19,2005-9-19
F606,E24587,1231563,LBY,FELIZZATTO,DANIEL,2005-9-16,2005,2006,LOS ANGELES COUNTY DISTRICT ATTORNEY'S OFFICE,0,2005-9-16,2005-9-16
F606,F24529,1254816,LEM,RANCHO PALOS VERDES CITY OF,,2005-11-8,2005,2006,CONSERVATION STRATEGY GROUP LLC,0,2005-11-8,2005-11-8
F606,F24893,1231587,LEM,MAY DEPARTMENT STORES COMPANY/FEDERATED RETAIL HOLDINGS INC.,,2006-1-30,2005,2005,ALBERS & COMPANY,0,2006-1-30,2006-1-30
F606,C00343,C00343,LBY,Tuck,Cynthia K.,2005-6-30,2005,2006,CA COUNCIL FOR ENVIRONMENTAL & ECONOMIC BALANCE,0,2005-6-30,2005-6-30
F606,C00481,1261831,LBY,Gruska,Rhonda J.,2005-8-26,2005,2006,Girl Scout Councils of California,0,2005-8-26,2005-8-26
F606,E01052,E01052,LEM,AT&T,,2006-1-31,2005,2006,,0,2006-1-31,2006-1-31
F606,F21400,F21400,FRM,BURRISS & MONAHAN A PROFESSIONAL CORPORATION,,2006-5-23,2005,2006,BURRISS & MONAHAN A PROFESSIONAL CORPORATION,0,2006-5-23,2006-5-23
F606,F21400,L21401,LBY,FOSTER,ALAN T.,2006-5-23,2005,2006,BURRISS & MONAHAN A PROFESSIONAL CORPORATION,0,2006-5-23,2006-5-23
F606,1282468,1282468,LBY,"BRUNER, MD",JACK G.,2006-3-15,2005,2006,THE DOCHERTY GROUP,0,2006-3-15,2006-3-15
F606,L23965,L23965,LBY,GREENE,JAMES P.,2006-1-3,2005,2006,"VERIZON COMMUNICATIONS, INC.",0,2006-1-3,2006-1-3
F606,1241766,1241766,LBY,Tyler-Jackson,Stephanie S.,2006-4-18,2005,2006,AT&T Inc. and its Affiliates,0,2006-4-18,2006-4-18
F606,F24893,1222895,LBY,WHITE,THOMAS R.,2006-1-30,2005,2005,ALBERS & COMPANY,0,2006-1-30,2006-1-30
F606,E01102,L25067,LBY,Lay,Scott M.,2006-7-28,2005,2006,COMMUNITY COLLEGE LEAGUE OF CALIFORNIA,0,2006-7-28,2006-7-28
F606,1264151,C20084,LEM,LORILLARD TOBACCO COMPANY,,2005-12-28,2005,2005,CAPITOL VENTURE LLC,0,2005-12-28,2005-12-28
F606,F00552,F00552,FRM,Livingston & Mattesich Law Corporation,,2005-11-15,2005,2006,Livingston & Mattesich Law Corporation,0,2005-11-15,2005-11-15
F606,F00057,L00776,LBY,Morshed,Linda M.,2005-12-1,2005,2006,Morshed and Associates,0,2005-12-1,2005-12-1
F606,F00057,F00057,FRM,Morshed and Associates,,2005-12-1,2005,2006,Morshed and Associates,0,2005-12-1,2005-12-1
F606,L24772,L24772,LBY,MARKUSON,RICHARD H.,2006-1-24,2005,2006,"CONSULTING ENGINEERS AND LAND SURVEYORS OF CALIFORNIA, INCLUDING INSFRASTRUCTURE DELIVERY COUNCIL, A DIVISION THEREOF",0,2006-1-24,2006-1-24
F606,F00369,L00468,LBY,Foran,John F.,2005-12-29,2005,2006,"Nossaman, Guthner, Knox & Elliott, LLP",0,2005-12-29,2005-12-29
F606,F24701,F24701,FRM,"GONZALEZ & ASSOCIATES, LLC, JIM",,2005-12-29,2005,2006,,0,2005-12-29,2005-12-29
F606,L25690,L25690,LBY,Daniels,Eric A.,2006-1-31,2005,2006,CALIFORNIA SPACE AUTHORITY,0,2006-1-31,2006-1-31
F606,1264591,1264591,LBY,Mattoch,Michael,2005-9-12,2005,2006,Norwood & Mattoch,0,2005-9-12,2005-9-12
F606,E00169,1264894,LBY,FRANK,ERIKA,2005-10-7,2005,2006,CALIFORNIA CHAMBER OF COMMERCE,0,2005-10-7,2005-10-7
F606,L00679,L00679,LBY,RITTS,RICHARD A.,2006-1-18,2005,2006,RITTS & WISE,0,2006-1-18,2006-1-18
F606,1274099,1274099,LBY,VALENTINE,JIMMY,2006-4-3,2005,2006,STRATEGIC COUNSEL,0,2006-4-3,2006-4-3
F606,1237027,1222705,LBY,FOLWARKOW,SCOTT,2006-6-12,2005,2006,VALERO ENERGY CORPORATION,0,2006-6-12,2006-6-12
F606,L25555,L25555,LBY,CITKO,JUDITH J.,2005-10-20,2005,2006,CA HOSPITALS ASSOCIATION/CAHHS,0,2005-10-20,2005-10-20
F606,E24691,E24691,LEM,California National Organization for Women,,2005-10-27,2005,2006,California National Organization for Women,0,2005-10-27,2005-10-27
F606,1231506,1231506,LBY,Gonzalez,William,2005-12-31,2005,2006,Gonzalez Public Affairs,0,2005-12-31,2005-12-31
F606,L24680,L24680,LBY,Gonzalez,Jim,2006-1-3,2005,2006,"JIM GONZALEZ & ASSOCIATES, LLC",0,2006-1-3,2006-1-3
F606,L25280,L25280,LBY,Morales,Maria C.,2006-1-3,2005,2006,"JIM GONZALEZ & ASSOCIATES, LLC",0,2006-1-3,2006-1-3
F606,1243836,L25715,LBY,ENGLISH,JEANNINE L.,2006-1-9,2005,2006,LEHMAN KELLY SADLER & OKEEFE,0,2006-1-9,2006-1-9
F606,1235595,1263430,LBY,Gorman,Bertha Gaffney,2005-8-1,2005,2006,California State Conference of Branches of NAACP,0,2005-8-1,2005-8-1
F606,1272916,1272916,LBY,BELLEZA,LARA,2006-1-16,2005,2006,"GOVERNMENT STRATEGIES, INC.",0,2006-1-16,2006-1-16
F606,E24708,E24708,LEM,Cabazon Band of Mission Indians,,2006-4-13,2005,2006,Cabazon Band of Mission Indians,0,2006-4-13,2006-4-13
F606,E00313,1276022,LBY,STEFENONI,THOMAS E.,2006-5-4,2005,2006,CALIFORNIA STATE GRANGE,0,2006-5-4,2006-5-4
F606,E23788,1242009,LBY,Stein,Eric G.,2006-5-10,2005,2006,Wine Institute,0,2006-5-10,2006-5-10
F606,1235182,1235182,FRM,BAUER GOVERNMENT RELATIONS,,2006-3-2,2005,2006,,0,2006-3-2,2006-3-2
F606,1252406,L01886,LBY,Carter,Art R.,2005-10-31,2005,2006,,0,2005-10-31,2005-10-31
F606,1254197,1254197,LBY,RAVAZZINI,TARYN E.,2005-8-10,2005,2006,THE DOLPHIN GROUP,0,2005-8-10,2005-8-10
F606,E00052,L00485,LBY,SMITH,DANIEL,2005-8-18,2005,2006,ASSOCIATION OF CALIFORNIA WATER AGENCIES,0,2005-8-18,2005-8-18
F606,1264098,1264098,LBY,MASSEY,CHRISTIAN K.,2006-1-25,2005,2006,"TOWNSEND PUBLIC AFFAIRS, INC.",0,2006-1-25,2006-1-25
F606,F24893,F24893,FRM,ALBERS & COMPANY,,2006-1-30,2005,2005,ALBERS & COMPANY,0,2006-1-30,2006-1-30
F606,L25218,L25218,LBY,Devine,William H.,2006-10-9,2005,2006,AT&T Inc. and its Affiliates,0,2006-10-9,2006-10-9
F606,E21961,E21961,LBY,FRAZIER,REX D.,2006-9-13,2005,2006,Personal Insurance Federation of California,0,2006-9-13,2006-9-13
F606,E24756,1282177,LBY,Lopez,Adrian,2006-11-1,2005,2006,"California Rural Legal Assistance Foundation, Inc.",0,2006-11-1,2006-11-1
F606,F20990,L24999,LBY,Monagan,Michael R.,2006-9-24,2005,2006,POLITICO GROUP,0,2006-9-24,2006-9-24
F606,L00702,L00702,LBY,KAHL,MICHAEL,2006-9-15,2005,2006,KP ADVOCATES,0,2006-9-15,2006-9-15
F606,1234294,1234294,LBY,LEE,KERRY D.,2006-9-29,2005,2006,CALIFORNIA RESTAURANT ASSOCIATION,0,2006-9-29,2006-9-29
F606,E00259,1237011,LBY,Bermudez,Vicki,2006-8-22,2005,2006,California Nurses Association,0,2006-8-22,2006-8-22
F606,E24514,1235197,LBY,"CASTRO, VIVIAN GRACE",,2006-10-25,2005,2006,Los Angeles Unified School Districy,0,2006-10-25,2006-10-25
F606,L00432,L00432,LBY,POWNALL,FREDERICK M.,2006-11-16,2005,2006,KP ADVOCATES,0,2006-11-16,2006-11-16
F606,1222921,1222919,LBY,RYAN,PAUL F.,2006-11-20,2005,2006,RYAN AND ASSOCIATES INC. P.F.,0,2006-11-20,2006-11-20
F606,1222921,1222921,FRM,RYAN,PAUL,2006-11-20,2005,2006,RYAN AND ASSOCIATES INC. P.F.,0,2006-11-20,2006-11-20
F606,L23965,L23965,LBY,GREENE,JAMES P.,2006-9-7,2005,2006,JAMES P. GREENE,1,2006-9-7,2006-9-7
F606,C20215,C20215,LEM,The Pacific Lumber Company,,2006-10-31,2005,2006,,0,2006-10-31,2006-10-31
F606,E00085,1283165,LBY,Douglas,Ian,2006-10-31,2005,2006,Planning and Conservation League,0,2006-10-31,2006-10-31
F606,F01002,F01002,FRM,Marc Brown and Associates,,2006-10-31,2005,2006,Marc Brown and Associates,0,2006-10-31,2006-10-31
F606,F01002,L00685,LBY,Brown,Marc,2006-11-1,2005,2006,Marc Brown and Associates,0,2006-11-1,2006-11-1
F606,1285845,1285845,LBY,BEST BEST & KRIEGER,,2006-12-29,2007,2008,,0,2006-12-29,2006-12-29
F606,L25556,L25556,LBY,D'Arelli,Michael J.,2007-6-18,2007,2008,Western Insurance Agents Association,0,2007-6-18,2007-6-18
F606,1232109,1232109,LBY,HIGGINS & ASSOCIATES,,2007-1-2,2005,2006,,0,2007-1-2,2007-1-2
F606,1235034,1235037,LBY,Jimenez,Elizabeth,2006-12-31,2005,2006,GEMAS CONSULTING,0,2006-12-31,2006-12-31
F606,1284950,1284950,LBY,SUPPLYSCAPE,,2007-6-22,2005,2006,,0,2007-6-22,2007-6-22
F606,E00397,1288136,LBY,BURTON,FRAN,2007-2-27,2007,2008,CALIFORNIA STATE ASSOCIATION OF COUNTIES,0,2007-2-27,2007-2-27
F606,F00382,F00382,FRM,"FOLEY & LARDNER, LLP",,2007-4-2,2007,2008,,0,2007-4-2,2007-4-2
F606,F24529,1263581,LEM,TRANS2100,,2007-4-6,2007,2008,CONSERVATION STRATEGY GROUP LLC,0,2007-4-6,2007-4-6
F606,E00054,1236289,LBY,VILLALOBOS,VERONICA,2007-4-24,2007,2008,ASSOCIATION OF INDEPENDENT CALIFORNIA COLLEGES AND UNIVERSITIES (AICCU),0,2007-4-24,2007-4-24
F606,F24757,F24757,LBY,PITCL & ASSOCIATES,,2007-4-25,2007,2008,,0,2007-4-25,2007-4-25
F606,F24757,L25356,LBY,PITCL,JONI,2007-4-26,2007,2008,PITCL & ASSOCIATES,0,2007-4-26,2007-4-26
F606,F24529,1283681,LCO,RESOURCE PROTECTION COALITION,,2007-2-14,2007,2008,CONSERVATION STRATEGY GROUP LLC,0,2007-2-14,2007-2-14
F606,1277078,1287765,LBY,Bishop,Keith,2007-1-31,2005,2006,Buchalter Nemer,0,2007-1-31,2007-1-31
F606,1277078,1277078,FRM,Buchalter Nemer,,2007-1-31,2005,2006,,0,2007-1-31,2007-1-31
F606,E24547,L24812,LBY,SOARES,KRISTEN F.,2007-6-6,2007,2007,UNIVERSITY OF SOUTHERN CALIFORNIA THE,0,2007-6-6,2007-6-6
F606,C26124,1285163,LBY,AGUILERA,RAFAEL,2007-4-30,2007,2008,Environmental Defense,0,2007-4-30,2007-4-30
F606,E24538,1261544,LBY,FELICIANO,ARMAND R.,2007-5-9,2007,2008,"BLUE CROSS OF CALIFORNIA (A SUBSIDIARY OF WELLPOINT, INC.)",0,2007-5-9,2007-5-9
F606,1245790,1245790,LBY,"SIERRA FUND, THE",,2007-5-10,2007,2008,,0,2007-5-10,2007-5-10
F606,F00641,L00648,LBY,WILSON,BOB,2007-6-29,2007,2007,ELLISON WILSON ADVOCACY LLC,0,2007-6-29,2007-6-29
F606,E24648,E24648,LEM,Western Insurance Agents Association,,2007-6-29,2007,2008,Western Insurance Agents Association,0,2007-6-29,2007-6-29
F606,1265709,1265717,LBY,GOTCH,MICHAEL,2007-1-30,2005,2006,Gotch & Associates,0,2007-1-30,2007-1-30
F606,F24529,1263581,LEM,TRANS2100,,2007-5-10,2007,2008,CONSERVATION STRATEGY GROUP LLC,1,2007-5-10,2007-5-10
F606,F24529,1283681,LCO,RESOURCE PROTECTION COALITION,,2007-5-10,2007,2008,CONSERVATION STRATEGY GROUP LLC,1,2007-5-10,2007-5-10
F606,F24750,1234777,LBY,GARRETT,DANIEL L.,2007-6-29,2007,2008,Wallace Puccio & Garrett,0,2007-6-29,2007-6-29
F606,F24529,1294894,LBY,MCKINNEY,SHANNON,2007-4-12,2007,2008,CONSERVATION STRATEGY GROUP LLC,0,2007-4-12,2007-4-12
F606,C24915,C24915,LBY,"MOLINA HEALTHCARE, INC.",,2007-3-8,2007,2008,,0,2007-3-8,2007-3-8
F606,1245581,1273731,LBY,MENDONCA,ROBERTA,2007-4-24,2007,2007,GOVERNMENT RELATIONS GROUP INC.,0,2007-4-24,2007-4-24
F606,F00948,1229776,LEM,CINGULAR WIRELESS,,2007-4-24,2007,2008,------,0,2007-4-24,2007-4-24
F606,E24761,1281815,LBY,RAZAVI,LAYLA,2007-4-5,2007,2008,MALDEF,0,2007-4-5,2007-4-5
F606,F00918,L00517,LBY,Speer-Barish,Leesa,2007-7-9,2007,2008,ADVOCACY SERVICES,0,2007-7-9,2007-7-9
F606,F24731,L25246,LBY,LEVY,ROBERT M.,2007-3-27,2007,2008,Enviro Communications Inc.,0,2007-3-27,2007-3-27
F606,E01103,1295996,LBY,Datig,Cregor,2007-3-22,2007,2008,California District Attorneys Association,0,2007-3-22,2007-3-22
F606,1294067,1294067,LBY,SUAREZ,EMMA T.,2007-5-31,2007,2008,CALIFORNIA BUILDING INDUSTRY ASSOCIATION,0,2007-5-31,2007-5-31
F606,E01834,E01834,LBY,Horiuchi,Wayne K.,2007-4-2,2007,2008,UNION PACIFIC RAILROAD,0,2007-4-2,2007-4-2
F606,F20469,1299592,LBY,PEESAPATI,SUMA,2008-4-14,2007,2008,"Adams Broadwell Joseph & Cardozo, A Professional Corporation",0,2008-4-14,2008-4-14
F606,1251132,C27809,LBY,AMERICAN ACADEMY OF PEDIATRICS CALIFORNIA DISTRICT IX,,2008-1-3,2007,2008,ADVOCACY & MANAGEMENT GROUP INC,0,2008-1-3,2008-1-3
F606,1251132,C27809,LBY,AMERICAN ACADEMY OF PEDIATRICS CALIFORNIA DISTRICT IX,,2008-1-3,2007,2008,ADVOCACY & MANAGEMENT GROUP INC,1,2008-1-3,2008-1-3
F606,1297363,1297363,LBY,FLATT; DENNIS O.,,2008-1-4,2007,2008,,0,2008-1-4,2008-1-4
F606,1299284,1299286,LBY,ADKINS,DAVID C.,2008-1-7,2007,2008,Arent Fox LLP,0,2008-1-7,2008-1-7
F606,1299284,1299284,LBY,"ARENT FOX, LLP",,2008-1-7,2007,2008,,0,2008-1-7,2008-1-7
F606,1232984,L25768,LBY,MARZEC,EDWIN K.,2008-1-7,2007,2008,"Edwin K. Marzec, A Law Corporation",0,2008-1-7,2008-1-7
F606,1232984,1232984,LBY,"MARZEC, A LAW CORPORATION; EDWIN K.",,2008-1-7,2007,2008,,0,2008-1-7,2008-1-7
F606,E00751,1286304,LBY,RANA,AMIT,2008-2-27,2007,2008,SIERRA CLUB,0,2008-2-27,2008-2-27
F606,F23271,L23272,LBY,BREED,KIRK E.,2008-3-2,2007,2008,BREED & ASSOCIATES INC. KIRK,0,2008-3-2,2008-3-2
F606,F23271,F23271,FRM,BREED & ASSOCIATES INC. KIRK,,2008-3-2,2007,2008,BREED & ASSOCIATES INC. KIRK,0,2008-3-2,2008-3-2
F606,E01103,1296934,LBY,Toller,Thomas,2008-2-21,2007,2008,,0,2008-2-21,2008-2-21
F606,E00207,L25825,LBY,Weimer,Dennis M.,2008-3-3,2007,2008,California Federation of Teachers,0,2008-3-3,2008-3-3
F606,1298606,1298621,LBY,FISHER,DANIELLA (DANI),2007-7-27,2007,2008,American Israel Public Affairs Committee,0,2007-7-27,2007-7-27
F606,E24727,1224880,LBY,Mudge,Cathy,2007-10-8,2007,2008,CALIFORNIA DENTAL ASSOCIATION AND ITS WHOLLY OWNED SUBSIDIARIES,0,2007-10-8,2007-10-8
F606,F24529,1294893,LBY,FRANKLIN,PAIGE,2008-1-3,2007,2008,CONSERVATION STRATEGY GROUP LLC,0,2008-1-3,2008-1-3
F606,1298606,1299893,LBY,SARATOVSKY,ELIAS,2007-11-8,2007,2008,American Israel Public Affairs Committee,0,2007-11-8,2007-11-8
F606,F00036,F00036,LBY,MEYRELES-VELARDE ASSOCIATES,,2008-1-23,2007,2008,,0,2008-1-23,2008-1-23
F606,1294112,1294112,LBY,CENTER FOR HEALTH JUSTICE,,2007-10-31,2007,2008,,0,2007-10-31,2007-10-31
F606,E00751,1245890,LBY,ALLAYAUD,BILL,2008-1-24,2007,2008,SIERRA CLUB,0,2008-1-24,2008-1-24
F606,1236171,1299623,LBY,ZINS,JENNIFER M.,2008-2-5,2007,2008,PLOTKIN GOVERNMENT RELATIONS,0,2008-2-5,2008-2-5
F606,C28030,1282878,LBY,Young,Casey,2008-3-6,2007,2008,AARP,0,2008-3-6,2008-3-6
F606,1261811,1261811,FRM,RGP AND ASSOCIATES,,2008-4-10,2007,2008,RGP AND ASSOCIATES,0,2008-4-10,2008-4-10
F606,E23788,1294073,LBY,Chipponeri,Lucinda,2008-2-6,2007,2008,Wine Institute,0,2008-2-6,2008-2-6
F606,E01982,1273232,LBY,KIM,DANIEL H,2008-2-11,2007,2008,PACIFIC GAS AND ELECTRIC COMPANY AND ITS AFFILIATED ENTITIES,0,2008-2-11,2008-2-11
F606,1256327,1282571,LBY,LOUDEN,DAVID S.,2007-12-10,2007,2008,California Professional Association of Specialty Contractors,0,2007-12-10,2007-12-10
F606,E00259,L25504,LBY,Ecks,Elizabeth,2007-10-11,2007,2008,California Nurses Association,0,2007-10-11,2007-10-11
F606,L25269,L25269,LBY,FONG,RONALD K.,2008-3-20,2007,2008,,0,2008-3-20,2008-3-20
F606,E00383,L25817,LBY,CHAVEZ,ELENA,2008-3-21,2007,2008,"Consumers Union of U.S., Inc.",0,2008-3-21,2008-3-21
F606,1272904,1272904,LBY,SLEDGE,ELAINE,2007-12-27,2007,2008,STEFAN/GEORGE ASSOCIATES,0,2007-12-27,2007-12-27
F606,1303524,1303524,LBY,PROGRESSIVE STRATEGY PARTNERS LLC,,2008-2-6,2007,2008,PROGRESSIVE STRATEGY PARTNERS LLC,0,2008-2-6,2008-2-6
F606,E24705,1252162,LBY,BIGLIERI,BARBARA,2007-11-19,2007,2008,CALIFORNIA ASSOCIATION FOR HEALTH SERVICES AT HOME,0,2007-11-19,2007-11-19
F606,E00768,E00768,LBY,SCHMELZER,TIMOTHY,2008-4-22,2007,2008,EDISON INTERNATIONAL & SUBSIDIARIES,0,2008-4-22,2008-4-22
F606,E00066,1287391,LBY,KIMBALL,MIKE,2007-11-5,2007,2008,"BANK OF AMERICA CORPORATION/BANK OF AMERICA, NA",0,2007-11-5,2007-11-5
F606,1251132,1288678,LEM,VIASYS HEALTHCARE,,2007-11-5,2007,2008,ADVOCACY & MANAGEMENT GROUP INC,0,2007-11-5,2007-11-5
F606,1294773,1294773,LBY,Animal Protection Institute,,2007-11-20,2007,2008,,0,2007-11-20,2007-11-20
F606,F00641,1288736,LBY,BALL,ELISABETH L.,2007-11-27,2007,2007,ELLISON WILSON ADVOCACY LLC,0,2007-11-27,2007-11-27
F606,1222779,1222779,LEM,"MAGELLAN BEHAVIORAL HEALTH, INC.",,2008-1-18,2007,2008,,0,2008-1-18,2008-1-18
F606,1251407,1251407,LBY,ZIERMAN,ROCK,2007-8-7,2007,2008,CALIFORNIA INDEPENDENT PETROLEUM ASSOCIATION,0,2007-8-7,2007-8-7
F606,E01982,1273232,LBY,KIM,DANIEL H,2008-2-11,2007,2008,PACIFIC GAS AND ELECTRIC COMPANY AND ITS AFFILIATED ENTITIES,0,2008-2-11,2008-2-11
F606,1222930,1222930,LBY,TENNIS,MATT,2008-3-12,2007,2008,ASSOCIATED BUILDERS AND CONTRACTORS OF CALIFORNIA,0,2008-3-12,2008-3-12
F606,1251132,C26264,LEM,OSTEOPATHIC PHYSICIANS AND SURGEONS OF CALIFORNIA,,2007-7-20,2007,2008,ADVOCACY & MANAGEMENT GROUP INC,1,2007-7-20,2007-7-20
F606,F01013,L00359,LBY,MATTEIS,RICHARD L.,2007-8-28,2007,2008,Richard L. Matteis,0,2007-8-28,2007-8-28
F606,E22851,E22851,LBY,SAULS,JEFF,2007-8-23,2007,2008,"FARMERS GROUP, INC., AN AFFILIATE OF ZURICH FINANCIAL SERVICES",0,2007-8-23,2007-8-23
F606,1299743,1299743,FRM,LOEB & LOEB,,2008-1-24,2007,2008,,0,2008-1-24,2008-1-24
F606,1298606,1298632,LBY,ROSENTHAL,MARILYN,2007-11-8,2007,2008,American Israel Public Affairs Committee,0,2007-11-8,2007-11-8
F606,L25784,L25784,LBY,ZAJAC,AMY,2007-11-14,2007,2008,PUBLIC POLICY ADVOCATES,0,2007-11-14,2007-11-14
F606,1298606,1298606,LBY,AMERICAN ISRAEL PUBLIC AFFAIRS COMMITTEE,,2007-11-16,2007,2008,,0,2007-11-16,2007-11-16
F606,F20469,1254776,LBY,DRURY,RICHARD T.,2008-4-28,2007,2008,"Adams Broadwell Joseph & Cardozo, A Professional Corporation",0,2008-4-28,2008-4-28
F606,1282410,1295562,LEM,O2 DIESEL INC.,,2008-5-1,2007,2008,CLEAN FLEETS AND FUELS GROUP,0,2008-5-1,2008-5-1
F606,1245581,F24573,LBY,BOURNE & ASSOCIATES,,2008-1-30,2007,2008,GOVERNMENT RELATIONS GROUP INC.,0,2008-1-30,2008-1-30
F606,1245581,F21789,LBY,COOPER GARY S.,,2008-1-30,2008,2008,GOVERNMENT RELATIONS GROUP INC.,0,2008-1-30,2008-1-30
F606,E00397,L23023,LBY,KEIL,STEVE M.,2008-1-9,2007,2008,CALIFORNIA STATE ASSOCIATION OF COUNTIES,0,2008-1-9,2008-1-9
F606,1303524,1303525,LBY,MARTINEZ BRACAMONTE,YVETTE,2008-2-6,2007,2008,PROGRESSIVE STRATEGY PARTNERS LLC,0,2008-2-6,2008-2-6
F606,F22714,L20310,LBY,Delmatier,Denise,2007-7-30,2007,2008,JEA and Associates,0,2007-7-30,2007-7-30
F606,E24705,1293924,LBY,MEADOWS,JETTA D.,2007-9-7,2007,2008,CALIFORNIA ASSOCIATION FOR HEALTH SERVICES AT HOME,0,2007-9-7,2007-9-7
F606,1286028,1286028,LBY,ROSE,VALERIE N.,2007-9-21,2007,2008,"GOVERNMENT STRATEGIES, INC.",0,2007-9-21,2007-9-21
F606,1223078,1241966,LBY,THRONE,RANDY E.,2007-10-17,2007,2008,RIVERSIDE COUNTY SHERIFF'S DEPARTMENT,0,2007-10-17,2007-10-17
F606,E24653,E24653,LEM,LOCAL INITIATIVE HEALTH AUTHORITY FOR LOS ANGELES COUNTY dba L.A. CARE HEALTH PLAN,,2007-5-4,2007,2008,,0,2007-5-4,2007-5-4
F606,1251132,C26264,LEM,OSTEOPATHIC PHYSICIANS AND SURGEONS OF CALIFORNIA,,2007-7-20,2007,2008,ADVOCACY & MANAGEMENT GROUP INC,0,2007-7-20,2007-7-20
F606,1286193,1286193,LBY,CALIFORNIA ACORN,,2007-10-31,2007,2008,,0,2007-10-31,2007-10-31
F606,E01466,1304474,LBY,LOKKE,CHRISTINA L.,2008-10-8,2007,2008,CALIFORNIA COMMMON CAUSE,0,2008-10-8,2008-10-8
F606,E01466,E01466,LBY,CALIFORNIA COMMON CAUSE,,2008-10-8,2007,2008,,0,2008-10-8,2008-10-8
F606,E22327,E22327,LEM,"SEMPRA ENERGY AND ITS AFFILIATES: San Diego Gas & Electric, Southern California Gas Co., and Sempra Energy Global Enterprises",,2008-7-29,2007,2008,,0,2008-7-29,2008-7-29
F606,1295371,1295371,LBY,"FANSLAU, LLC.; JUSTIN",,2008-6-10,2007,2008,,0,2008-6-10,2008-6-10
F606,1256222,1256222,LBY,BROWN; WILL,,2008-10-16,2007,2008,,0,2008-10-16,2008-10-16
F606,1286193,1288179,LBY,SIEGENTHALER,TATIANA E.,2008-10-20,2007,2008,Siegenthaler,0,2008-10-20,2008-10-20
F606,L22885,L22885,LBY,WARD,RANDALL M.,2008-8-20,2007,2008,CALIFORNIA ENVIRONMENTAL AND RESOURCE ASSOCIATES,0,2008-8-20,2008-8-20
F606,1308678,1308678,LBY,MILLER; PETER,,2008-10-29,2007,2008,,0,2008-10-29,2008-10-29
F606,F00067,L00617,LBY,CLAY,BEN G.,2008-10-30,2007,2008,CARPI & CLAY INC,0,2008-10-30,2008-10-30
F606,F24903,1295471,LEM,COMMUNITY TECHNOLOGY ORGANIZING CONSORTIUM,,2008-7-11,2007,2008,DOWDEN AND ASSOCIATES HR,0,2008-7-11,2008-7-11
F606,F24529,1224450,LEM,The Wildlands Conservancy,,2008-7-3,2007,2008,CONSERVATION STRATEGY GROUP LLC,0,2008-7-3,2008-7-3
F606,E00259,1289716,LBY,Fox,Donna Dorsey,2008-11-17,2007,2008,California Nurses Association,0,2008-11-17,2008-11-17
F606,L00377,L00377,LBY,Medeiros,C.W. 'Nick',2008-7-15,2007,2008,"C.W. 'NICK' MEDEIROS, INC.",0,2008-7-15,2008-7-15
F606,C26124,1272753,LBY,WELCH,VIRGIL,2008-7-25,2007,2008,Environmental Defense,0,2008-7-25,2008-7-25
F606,L24793,L24793,LBY,MARTINEZ,GILBERT,2008-8-15,2007,2008,COMCAST CORPORATION,0,2008-8-15,2008-8-15
F606,E00169,E00169,LBY,Hooper,John,2008-9-12,2007,2008,CALIFORNIA CHAMBER OF COMMERCE,0,2008-9-12,2008-9-12
F606,1305030,1305037,LBY,CHURCHWELL,STEVEN G.,2008-9-11,2007,2008,DLA PIPER US LLP,0,2008-9-11,2008-9-11
F606,1288136,1288136,LBY,BURTON,FRAN,2008-9-16,2007,2008,KP PUBLIC AFFAIRS,0,2008-9-16,2008-9-16
F606,1278221,1278221,LBY,LOG CABIN REPUBLICANS,,2008-6-25,2007,2008,,0,2008-6-25,2008-6-25
F606,F24529,1284568,LEM,Tahoe Regional Planning Agency,,2008-7-3,2007,2008,CONSERVATION STRATEGY GROUP LLC,0,2008-7-3,2008-7-3
F606,1285780,1285780,LBY,TOLER,ALICE D.,2008-11-6,2007,2008,"GOVERNMENT STRATERGIES, INC.",0,2008-11-6,2008-11-6
F606,1235595,1301886,LBY,Gant,Simeon,2008-8-4,2007,2008,California State Conference of Branches of NAACP,0,2008-8-4,2008-8-4
F606,L00492,L00492,LBY,KREUTZEN,RICHARD W.,2008-9-16,2007,2008,KP PUBLIC AFFAIRS,0,2008-9-16,2008-9-16
F606,E24705,E24705,LBY,Fletcher,Carrie,2008-7-15,2007,2008,CALIFORNIA ASSOCIATION FOR HEALTH SERVICES AT HOME,0,2008-7-15,2008-7-15
F606,E00243,1243053,LBY,Lyons,Joseph,2008-7-24,2007,2008,California Manufacturers & Technology Association,0,2008-7-24,2008-7-24
F606,E00243,E00243,LEM,CALIFORNIA MANUFACTURERS and TECHNOLOGY ASSOCIATION,,2008-7-24,2007,2008,,0,2008-7-24,2008-7-24
F606,E21121,L25109,LBY,Kimbrough,John,2008-7-15,2007,2008,GLAXOSMITHKLINE,0,2008-7-15,2008-7-15
F606,F01059,F01059,LBY,PRIEST & ASSOCIATES,,2008-12-1,2007,2008,,0,2008-12-1,2008-12-1
F606,C24915,1297493,LBY,SALAZAR SPERBER,MARIA,2008-8-1,2007,2008,"Molina Healthcare, Inc.",0,2008-8-1,2008-8-1
F606,E01152,L00983,LBY,Ouye Jr.,Carnegie,2008-9-5,2007,2008,SACRAMENTO MUNICIPAL UTILITY DISTRICT,0,2008-9-5,2008-9-5
F606,E24761,1243798,LBY,ESTRADA,FRANCISCO,2008-10-15,2007,2008,MEXICAN AMERICAN LEGAL DEFENSE AND EDUCATIONAL FUND,0,2008-10-15,2008-10-15
F606,E00383,L25817,LBY,CHAVEZ,ELENA,2008-6-26,2007,2008,"Consumers Union of U.S., Inc.",1,2008-6-26,2008-6-26
F606,F22714,1231497,LBY,Fox,Suzanne V.,2008-12-22,2009,2010,,0,2008-12-22,2008-12-22
F606,1234678,1234678,LBY,Cline & Duplissea,,2008-12-22,2009,2010,,0,2008-12-22,2008-12-22
F606,E24699,L25764,LBY,MCDONALD,MARY E.,2009-5-1,2007,2008,CALIFORNIA INDEPENDENT SYSTEM OPERATOR (I.S.O.),0,2009-5-1,2009-5-1
F606,E24699,L25583,LBY,SMUTNY-JONES,ROBIN E.,2009-5-1,2007,2008,CALIFORNIA INDEPENDENT SYSTEM OPERATOR (I.S.O.),0,2009-5-1,2009-5-1
F606,E00849,1243621,LBY,GILLIARD,ANGELA M.,2009-3-18,2009,2010,Western Center on Law & Poverty,0,2009-3-18,2009-3-18
F606,E00849,1243621,LBY,GILLIARD,ANGELA M.,2009-3-18,2009,2010,Western Center on Law & Poverty,1,2009-3-18,2009-3-18
F606,E24624,1277558,LBY,South,Sean,2010-4-6,2009,2010,California Optometric Association,1,2010-4-6,2010-4-6
F606,1264591,1264591,LBY,CONLIN,PETER,2009-9-17,2009,2010,NORWOOD & ASSOCIATES,0,2009-9-17,2009-9-17
F606,F24529,1308452,LEM,ALPENGROUP,,2009-9-30,2009,2010,CONSERVATION STRATEGY GROUP LLC,0,2009-9-30,2009-9-30
F606,C26595,1278257,LBY,GOOD,JUDY M.,2009-9-30,2009,2010,SAN DIEGO COUNTY SUPERINTENDENT OF SCHOOLS,0,2009-9-30,2009-9-30
F606,1223211,1223217,LBY,CALDWELL,KAYE K.,2009-2-11,2009,2010,Kaye Caldwell,0,2009-2-11,2009-2-11
F606,1223211,1223211,LBY,"Kaye K. Caldwell, lobbyist and Kaye Caldwell, lobbying firm",,2009-2-11,2009,2010,,0,2009-2-11,2009-2-11
F606,F24529,C22448,LEM,PLACERCOUNTY OF,,2009-4-27,2009,2010,CONSERVATION STRATEGY GROUP LLC,0,2009-4-27,2009-4-27
F606,F00475,1250263,LBY,FLAMMER,CHRISTOPHER C.A.,2009-4-28,2009,2010,Wilke Fleury Hoffelt Gould & Birney,0,2009-4-28,2009-4-28
F606,1245514,1245514,FRM,HEWLETT,CLOTHILDE V.,2009-1-30,,,,0,2009-1-30,2009-1-30
F606,1280891,1280893,LBY,FEHRENBACH,JOHN,2009-1-30,2009,2010,Winston & Strawn LLP,0,2009-1-30,2009-1-30
F606,1310553,1310555,LBY,JONES,DAMIAN A.,2009-1-31,2007,2008,Pacific Strategy Group,0,2009-1-31,2009-1-31
F606,1237504,1237504,LBY,RECREATIONAL FISHING ALLIANCE,,2009-4-13,2009,2010,,0,2009-4-13,2009-4-13
F606,1274228,1296831,LBY,BACHILLA,PAMELA,2009-2-5,2009,2010,SCHOOL INNOVATIONS & ADVOCACY,0,2009-2-5,2009-2-5
F606,1285342,1285342,LBY,"ST. MONICA DEVELOPMENT COMPANY, LLC",,2009-4-29,2009,2010,,0,2009-4-29,2009-4-29
F606,1280891,1280891,LBY,WINSTON & STRAWN LLP,,2009-1-30,2009,2010,,0,2009-1-30,2009-1-30
F606,1256222,1256222,LBY,BROWN; WILL,,2009-3-17,2007,2008,,1,2009-3-17,2009-3-17
F606,F00641,L25122,LBY,WARRINER,TIM,2009-4-17,2009,2010,"ELLISON WILSON ADVOCACY, LLC",0,2009-4-17,2009-4-17
F606,E01152,L25318,LBY,Carmona,Ralph C.,2009-3-6,2009,2010,SACRAMENTO MUNICIPAL UTILITY DISTRICT,0,2009-3-6,2009-3-6
F606,1239803,1239804,LBY,FISHER,ANTHONY R.,2010-3-31,2009,2010,ANRAFI ASSOCIATES LLC,0,2010-3-31,2010-3-31
F606,L25530,L25530,LBY,Singh-Allen,Bobbie,2010-3-22,2009,2010,CALIFORNIA HOTEL & LODGING ASSOCIATION,0,2010-3-22,2010-3-22
F606,1272750,L25565,LBY,Isenberg,Phillip L.,2010-4-1,2009,2010,O'Haren Government Relations,0,2010-4-1,2010-4-1
F606,E24624,1277558,LBY,SOUTH,SEAN C.,2010-3-11,2009,2010,CALIFORNIA OPTOMETRIC ASSOCIATION,0,2010-3-11,2010-3-11
F606,F00954,1295192,LBY,HITE,MARK P.,2009-7-21,2009,2010,LUCAS ADVOCATES,0,2009-7-21,2009-7-21
F606,1307144,1307144,LBY,CONWAY,DANIEL,2009-10-8,2009,2010,,0,2009-10-8,2009-10-8
F606,L20192,L20192,LBY,Horton,Victoria G.,2009-10-6,2009,2010,Calilfornia Beer & Beverage Distributors,0,2009-10-6,2009-10-6
F606,E24624,L25178,LBY,HART,TIM,2010-2-25,2009,2010,CALIFORNIA OPTOMETRIC ASSOCIATION,0,2010-2-25,2010-2-25
F606,1262603,1262603,LBY,MC FETRIDGE; LAW OFFICES OF DUNCAN,,2010-3-1,2009,2010,,0,2010-3-1,2010-3-1
F606,E00203,L25200,LBY,LIEBERT,RONALD,2010-11-1,2009,2010,California Farm Bureau Federation,0,2010-11-1,2010-11-1
F606,1274785,1274785,LBY,HILL,WENDY R.,2009-8-12,2009,2010,"NATIONAL ASSOCIATION OF SOCIAL WORKERS, CALIFORNIA CHAPTER",0,2009-8-12,2009-8-12
F606,1286193,1314374,LBY,COLEMAN,RONALD E.,2010-1-11,2009,2010,California ACORN,0,2010-1-11,2010-1-11
F606,F24805,F24805,LBY,ROSS; RICHARD,,2010-1-13,2009,2010,,0,2010-1-13,2010-1-13
F606,E24593,1289906,LBY,Bolden,Michael A.,2010-2-18,2009,2010,"American Federation of State, County, and Municipal Employees, AFL-CIO",0,2010-2-18,2010-2-18
F606,L21242,L21242,LBY,Samuel,Denny M.,2009-5-19,2009,2010,Chevron Corporation and its Subsidiaries,0,2009-5-19,2009-5-19
F606,F24917,1297226,LBY,Miller,Jeffrey,2010-1-29,2009,2010,"Capitol Advocacy, LLC",0,2010-1-29,2010-1-29
F606,1244042,1244042,LEM,MITCHELL,DAVID,2010-1-22,1/1/,12/3,REPUBLIC INDEMNITY,0,2010-1-22,2010-1-22
F606,1244042,1244042,LEM,REPUBLIC INDEMNITY,,2010-1-22,1/1/,12/3,,0,2010-1-22,2010-1-22
F606,1244042,1244042,LEM,REPUBLIC INDEMNITY,,2010-1-22,2009,2010,,1,2010-1-22,2010-1-22
F606,1237504,1237504,LBY,RECREATIONAL FISHING ALLIANCE,,2009-5-22,2007,2008,,1,2009-5-22,2009-5-22
F606,1317323,1317323,LBY,OLBERG,DELETTE,2009-6-15,2009,2010,EDISON INTERNATIONAL & SUBSIDIARIES,0,2009-6-15,2009-6-15
F606,E00254,1309496,LBY,KAPELLER,ROSARIO C.,2010-3-15,2008,2010,CALIFORNIA MUNICIPAL UTILITIES ASSOCIATION,0,2010-3-15,2010-3-15
F606,1297212,1297211,LBY,Schlitz,William A.,2010-3-15,2009,2010,"American Federation of State, County and Municipal Employees Local 3299",0,2010-3-15,2010-3-15
F606,1315314,1315314,LBY,NATIONAL PARKS CONSERVATION ASSOCIATION,,2010-2-26,2009,2010,,0,2010-2-26,2010-2-26
F606,1245581,1318058,LBY,MARCANTONIO,SAMANTHA,2009-6-10,2009,2010,GOVERNMENT RELATIONS GROUP INC.,0,2009-6-10,2009-6-10
F606,1318076,1263105,LBY,YEE,LEILANI AGUINALDO,2009-7-10,2009,2010,Chinese for Affirmative Action/AACRE,0,2009-7-10,2009-7-10
F606,F00951,F00951,FRM,"OMI GOVERNMENT RELATIONS, INC.",,2009-7-2,2009,2010,,0,2009-7-2,2009-7-2
F606,F00951,L00076,LBY,Burns,Donald C.,2009-7-2,2009,2010,"OMI GOVERNMENT RELATIONS, INC.",0,2009-7-2,2009-7-2
F606,1288060,1288060,LBY,GYROSCOPE CONSULTING,,2009-7-6,2007,2008,,0,2009-7-6,2009-7-6
F606,1288060,1288060,LBY,GYROSCOPE CONSULTING,,2009-7-6,2009,2010,,1,2009-7-6,2009-7-6
F606,E00663,E00663,LBY,Grzybicki,Adam,2009-6-9,2009,2010,AT&T Inc. and its Affiliates,0,2009-6-9,2009-6-9
F606,E00582,L00599,LBY,ZEHNER,M. STEVEN,2009-6-9,2009,2010,COUNTY OF LOS ANGELES,0,2009-6-9,2009-6-9
F606,1304423,1304423,LBY,BOYD JR.; HAROLD L.,,2009-11-2,2009,2010,,0,2009-11-2,2009-11-2
F606,E00789,L23685,LBY,Davenport,Allen,2009-11-9,2009,2010,California State Council of Service Employees,0,2009-11-9,2009-11-9
F606,1243115,1243115,LBY,SPENCER,SEDRICK M.,2009-9-2,,,HLR SERVICES,0,2009-9-2,2009-9-2
F606,E00169,1282199,LBY,PATEL,AMISHA,2009-7-8,2009,2010,CALIFORNIA CHAMBER OF COMMERCE,0,2009-7-8,2009-7-8
F606,E00751,1252484,FRM,MASON,PAUL J.,2009-6-2,2009,2009,SIERRA CLUB,0,2009-6-2,2009-6-2
F606,F24662,L25024,LBY,PRICE,PETE,2010-4-14,2009,2010,Price Consulting,0,2010-4-14,2010-4-14
F606,C00481,1231514,LBY,LUCAS,KATIE E.,2009-6-22,2009,2010,Girl Scout Councils of California,0,2009-6-22,2009-6-22
F606,C00481,C00481,LBY,GIRL SCOUT COUNCILS OF CALIFORNIA,,2009-6-22,2009,2010,,0,2009-6-22,2009-6-22
F606,1304118,1305717,LBY,TAYLOR,SAMII L.,2009-8-28,2009,2010,WINDSOR GROUP,0,2009-8-28,2009-8-28
F606,L24658,L24658,LBY,MODISETTE,DAVID L.,2009-8-25,2009,2010,"PUBLIC POLICY ADVOCATES, LLC",0,2009-8-25,2009-8-25
F606,1304118,1304118,LBY,WINDSOR GROUP,,2009-8-28,2009,2010,,0,2009-8-28,2009-8-28
F606,1304393,1316049,LBY,MORRISON,ANDREA M.,2009-12-3,2009,2010,DIRECT ENERGY BUSINESS,0,2009-12-3,2009-12-3
F606,1277473,1277473,LBY,KIMBER; ANNA,,2009-10-20,2009,2010,,0,2009-10-20,2009-10-20
F606,1274228,1318707,LBY,STANDRIFF,MARK,2009-10-22,2009,2010,SCHOOL INNOVATIONS & ADVOCACY,0,2009-10-22,2009-10-22
F606,F23066,F23066,LBY,KEENE & ASSOCIATES; LAW OFFICES,,2009-12-21,2009,2010,,0,2009-12-21,2009-12-21
F606,C27623,1254233,LBY,KESSLER,ALICE L.,2009-12-29,2009,2010,Equality California,0,2009-12-29,2009-12-29
F606,1297598,1297598,LBY,WILLIAMS,ANTHONY C.,0200-1-14,2009,2010,"WADA WILLIAMS LAW GROUP, LLP",0,0200-1-14,0200-1-14
F606,E00981,L01981,LBY,Low,Dave,2010-2-1,2009,2010,California School Employees Association,0,2010-2-1,2010-2-1
F606,1307809,1307809,LBY,HAMILTON CONSULTING INC.,,2009-6-11,2009,2010,,0,2009-6-11,2009-6-11
F606,E00581,1317659,LBY,DeBoo,James F.,2010-3-26,2009,2010,Los Angeles; City of,0,2010-3-26,2010-3-26
F606,L24510,L24510,LBY,OSBORNE,HARRY,2009-6-17,2009,2010,ALLIANCE OF CATHOLIC HEALTH CARE,0,2009-6-17,2009-6-17
F606,1318076,1318076,LBY,CHINESE FOR AFFIRMATIVE ACTION/AACRE,,2009-7-29,2009,2010,,0,2009-7-29,2009-7-29
F606,1274228,L25869,FRM,HAJELA,ABHAS,2009-7-30,2009,2010,SCHOOL INNOVATIONS & ADVOCACY,0,2009-7-30,2009-7-30
F606,F24750,F24750,FRM,Wallace Puccio & Garrett,,2010-1-26,2009,2010,Wallace Puccio & Garrett,0,2010-1-26,2010-1-26
F606,L00574,L00574,LBY,Walters,Robert G.,2009-11-18,2009,2010,"CALIFORNIA ADVOCATES, INC.",0,2009-11-18,2009-11-18
F606,1276650,C27484,LBY,TWENTY-NINE PALMS BAND OF MISSION INDIANS,,2009-12-31,2009,2010,CHAFE BONNIE L.,0,2009-12-31,2009-12-31
F606,L20402,L20402,LBY,Hackney,Catherine E.,2010-2-22,2009,2010,EDISON INTERNATIONAL & AFFILIATES (SEE ADDITIONAL NOTES PAGE FOR FULL FILER NAME),0,2010-2-22,2010-2-22
F606,F24750,L25345,LBY,PUCCIO,S. GUY,2010-1-26,2009,2010,Wallace Puccio & Garrett,0,2010-1-26,2010-1-26
F606,L24964,L24964,LBY,BAULIS,JOHN,2010-2-3,2009,2010,"TERRY M. McGANN, INC.",0,2010-2-3,2010-2-3
F606,1293603,1293603,LBY,STEFFEN; RICHARD,,2010-4-16,2009,2010,,0,2010-4-16,2010-4-16
F606,E00913,1243436,LBY,Hansen,Jay C.,2010-6-21,2009,2010,State Building & Construction Trades Council of California,0,2010-6-21,2010-6-21
F606,F00870,L20482,LBY,KIM,DOUGLAS,2010-12-2,2009,2010,Green & Azevedo,0,2010-12-2,2010-12-2
F606,F24525,F24525,LBY,ASTOR & PHILLIPS,,2010-4-28,2009,2010,,0,2010-4-28,2010-4-28
F606,1319551,1319551,LBY,HOLLAND & KNIGHT LLP,,2010-6-1,2009,2010,,0,2010-6-1,2010-6-1
F606,1277754,1277754,LBY,ABERNATHY,CATHY M.,2010-4-9,2009,2010,CATHY ABERNATHY CONSULTANTS,0,2010-4-9,2010-4-9
F606,F01023,F01023,FRM,"MUIR, INC., D AND L",,2010-9-8,2009,2010,,0,2010-9-8,2010-9-8
F606,F01023,L00400,LBY,Muir,Linda B.,2010-9-8,2009,2010,"MUIR, INC., D AND L",0,2010-9-8,2010-9-8
F606,L25556,L25556,LBY,D'Arelli,Michael J.,2010-9-9,2009,2010,The Alliance of Insurance Agents and Brokers,0,2010-9-9,2010-9-9
F606,1319029,1319029,FRM,Bingham McCutchen LLP,,2010-9-30,,,,0,2010-9-30,2010-9-30
F606,1301112,1301112,LBY,GRISBY,DARNELL,2010-8-30,2009,2010,"FARMERS GROUP, INC., AN AFFILIATE OF ZURICH FINANCIAL SERVICES",0,2010-8-30,2010-8-30
F606,1307553,1307555,LBY,NOWICKI,BRIAN M.,2010-7-16,2009,2010,Center for Biological Diversity,0,2010-7-16,2010-7-16
F606,1307553,1307553,LBY,"CENTER FOR BIOLOGICAL DIVERSITY, INC.",,2010-7-16,2009,2010,,0,2010-7-16,2010-7-16
F606,1294115,1294115,LBY,RUIZ,ERMELINDA,2010-12-7,2009,2010,PERSONAL INSURANCE FEDERATION OF CALIFORNIA,0,2010-12-7,2010-12-7
F606,1305923,1305923,LBY,CONSULTANTS COLLABORATIVE,,2010-5-12,2009,2010,,0,2010-5-12,2010-5-12
F606,E24542,1254997,LBY,Bigelow,Melva,2010-9-23,2009,2010,The Nature Conservancy,0,2010-9-23,2010-9-23
F606,E24703,L25607,LBY,GRIBBON,JACK,2010-9-24,2009,2010,"UNITE HERE INTERNATIONAL UNION, AFL-CIO",0,2010-9-24,2010-9-24
F606,E00169,1281814,LBY,CHRISTOFFERSEN,KYLA,2010-5-20,2009,2010,CALIFORNIA CHAMBER OF COMMERCE,0,2010-5-20,2010-5-20
F606,E00768,L23882,LBY,Zamorano,Manuel,2010-10-26,2009,2010,EDISON INTERNATIONAL & AFFLIATES (SEE FORM 635 FOR ENTIRE FILER NAME),0,2010-10-26,2010-10-26
F606,F00523,L00464,LBY,Rose,Cristina L.,2010-6-7,2009,2010,Rose & Kindel,0,2010-6-7,2010-6-7
F606,L22127,L22127,LBY,Gagan,Michael S.,2010-6-7,2009,2010,Rose & Kindel,0,2010-6-7,2010-6-7
F606,E00582,L00081,LBY,WALL,DANIEL J.,2010-12-8,2011,2012,COUNTY OF LOS ANGELES,0,2010-12-8,2010-12-8
F606,1319551,1319553,LBY,BOWMAN,HEATHER S.,2010-6-1,2009,2010,"Holland & Knight, LLP",0,2010-6-1,2010-6-1
F606,F24756,F24756,LBY,SIVERLING; WILLIAM H.,,2010-12-8,2011,2012,,0,2010-12-8,2010-12-8
F606,1319029,1319029,LBY,Kissinger,William,2010-9-30,,,Bingham McCutchen LLP,0,2010-9-30,2010-9-30
F606,C25586,C25586,LEM,The Alliance of Insurance Agents and Brokers,,2010-9-30,2009,2010,,0,2010-9-30,2010-9-30
F606,1282938,1294785,LBY,COOMBS,ROBERT,2010-10-8,2009,2010,California Coalition Against Sexual Assault,0,2010-10-8,2010-10-8
F606,1225575,1228602,LBY,THOMAS,TINA ANNE,2010-7-15,2009,2010,"REMY, THOMAS, MOOSE AND MANLEY, LLP",0,2010-7-15,2010-7-15
F606,L25349,L25349,LBY,DANTONA,JIM R.,2009-12-31,2009,2010,GOVERNMENTAL IMPACT,0,2009-12-31,2009-12-31
F606,L25153,L25153,LBY,North,Susan,2010-9-29,2009,2010,Rose & Kindel,0,2010-9-29,2010-9-29
F606,F23475,F23475,LBY,"ROBINSON & ASSOCIATES, INC.; RICHARD",,2010-11-30,2009,2010,,0,2010-11-30,2010-11-30
F606,1222995,1253610,LBY,Hollingsworth,Kathy,2010-6-16,2009,2010,Takeda Pharmaceuticals America,0,2010-6-16,2010-6-16
F606,1276613,1276613,LBY,Lawson-Stark,Liisa,2010-10-13,2009,2010,"TOWNSEND PUBLIC AFFAIRS, INC.",0,2010-10-13,2010-10-13
F606,1240089,1312123,LBY,DANIELS-EDWARDS,CLAIS I.,2010-7-29,2009,2010,University California Students Association,0,2010-7-29,2010-7-29
F606,1251132,1275630,LBY,OLIVER,CHERYL C.,2010-7-22,2009,2010,ADVOCACY & MANAGEMENT GROUP INC,0,2010-7-22,2010-7-22
F606,F00870,L00217,LBY,GREEN,DONALD C.,2010-12-6,2009,2010,Green & Azevedo,0,2010-12-6,2010-12-6
F606,F00870,F00870,LBY,GREEN & AZEVEDO,,2010-12-6,2009,2010,,0,2010-12-6,2010-12-6
F606,F20469,1303931,LBY,MILES,LOULENA A.,2011-2-28,2011,2012,"Adams Broadwell Joseph & Cardozo, A Professional Corporation",0,2011-2-28,2011-2-28
F606,E00679,1276466,LBY,BENITEZ,ANN MARIE,2011-2-23,2011,2012,Planned Parenthood Affiliates of California,0,2011-2-23,2011-2-23
F606,1232180,1232182,LBY,ACEVEDO,JAMES E.,2011-2-7,2011,2012,JAMES E. ACEVEDO,0,2011-2-7,2011-2-7
F606,1295572,1295572,LBY,STRATEGIC SOLUTIONS ADVISORS,,2011-2-3,2009,2010,,0,2011-2-3,2011-2-3
F606,F24894,L25842,LBY,Kieffer,George David,2011-1-19,2011,2012,"MANATT, PHELPS & PHILLIPS, LLP",0,2011-1-19,2011-1-19
F606,1334632,1334651,LBY,MIIN,DANIEL,2011-6-8,2011,2012,BROOKFIELD PRIVATE ADVISORS LLC,0,2011-6-8,2011-6-8
F606,1265635,1265635,LBY,GABHART,JASON O.,2011-3-18,2011,2012,ASSOCIATION OF CALIFORNIA LIFE & HEALTH INSURANCE COMPANIES,0,2011-3-18,2011-3-18
F606,E00420,L22006,LBY,Kanouse,Randele B.,2011-8-15,2011,2012,EAST BAY MUNICIPAL UTILITY DISTRICT,0,2011-8-15,2011-8-15
F606,1334995,1335012,LBY,LEITCH,DONALD S.,2011-8-15,2011,2012,CITIGROUP ALTERNATIVE INVESTMENTS LLC,0,2011-8-15,2011-8-15
F606,E00207,1304128,LBY,Freitas,Jeffery M.,2011-5-5,2011,2012,California Federation of Teachers,0,2011-5-5,2011-5-5
F606,E23555,1306573,LBY,WHITNEY,DEVIN,2011-5-5,2011,2012,TECHNOLOGY ASSOCIATION OF AMERICA,0,2011-5-5,2011-5-5
F606,1334884,1334933,LBY,ROBERTS,KENT C. 'RICK',2011-6-1,2011,2012,FIRST QUADRANT L.P.,0,2011-6-1,2011-6-1
F606,1235595,1308945,LBY,Seku-Amen,Malaki,2011-3-18,2011,2012,California State Conference of Branches of NAACP,0,2011-3-18,2011-3-18
F606,E00321,1322983,LBY,SUTTON,SUZANNE L.,2011-6-7,2011,2012,CA Taxpayers Association,0,2011-6-7,2011-6-7
F606,1232724,1232724,LBY,LINDSAY; STEVEN,,2011-7-19,2011,2012,LINDSAY; STEVEN,0,2011-7-19,2011-7-19
F606,1232724,L25548,LBY,LINDSAY,STEVEN J.,2011-7-19,2011,2012,LINDSAY; STEVEN,0,2011-7-19,2011-7-19
F606,1254545,1254545,LBY,GEIS,DAN P.,2011-2-17,2011,2012,THE DOLPHIN GROUP,0,2011-2-17,2011-2-17
F606,E24727,1294944,LBY,RIVAS,MICHELLE,2011-6-24,2011,2012,CALIFORNIA DENTAL ASSOCIATION AND ITS WHOLLY OWNED SUBSIDIARIES,0,2011-6-24,2011-6-24
F606,F00948,1293564,LBY,RUBALCAVA,MICHELLE,2011-5-6,2010,2011,SCHOTT & LITES ADVOCATES LLC,0,2011-5-6,2011-5-6
F606,F00651,1314212,LBY,GOMEZ,SAUL,2011-5-4,2011,2012,WHITE ASSOCIATES V. JOHN,0,2011-5-4,2011-5-4
F606,E00168,1316736,LBY,CLOVER,DAWN M.,2011-3-16,2011,2012,California Cattlemen's Association,0,2011-3-16,2011-3-16
F606,1334581,1334581,LBY,FOX,CARRIE,2011-3-15,2011,2012,,0,2011-3-15,2011-3-15
F606,E01348,L24634,LBY,Balla-Hawkins,David,2011-4-4,2011,2012,California Faculty Association,0,2011-4-4,2011-4-4
F606,1335290,1335290,LBY,FLOREZ; ELSA,,2011-5-16,2011,2012,,0,2011-5-16,2011-5-16
F606,1334935,1335348,LBY,SETER,CHRISTOPHER E.,2011-7-20,2011,2012,"Fortress Capital Formation, LLC",0,2011-7-20,2011-7-20
F606,E00085,L25460,LBY,VAN THULL,TRACI SHEEHAN,2011-7-20,2011,2012,Planning and Conservation League,0,2011-7-20,2011-7-20
F606,1337675,1337676,LBY,SHIRILLA,ELISABETH L.,2011-7-8,2011,2012,"Wells Fargo Bank, NA",0,2011-7-8,2011-7-8
F606,1337675,1337675,LBY,"WELLS FARGO BANK, N.A.",,2011-7-8,2011,2012,,0,2011-7-8,2011-7-8
F606,1335116,1335119,LBY,SIMPSON-SANDOVAL,HEIDI L.,2011-6-6,2011,2012,MBSC Securities Corporation,0,2011-6-6,2011-6-6
F606,1334889,1334886,LBY,GULLICKSON,TIM,2011-4-15,2011,2012,STARK & ROTH LLC,0,2011-4-15,2011-4-15
F606,1317323,1317323,LBY,OLBERG,DELETTE,2011-4-28,2011,2012,EDISON INTERNATIONAL & SUBSIDIARIES,0,2011-4-28,2011-4-28
F606,1334920,1334920,LBY,PROBITAS HONG KONG LIMITED,,2011-4-4,2011,2012,,0,2011-4-4,2011-4-4
F606,1334920,1334921,LBY,CHAN,EDWIN,2011-4-4,2011,2012,Probitas Hong Kong Limited,0,2011-4-4,2011-4-4
F606,1334632,1334650,LBY,WILSON,CHRISTOPHER,2011-6-6,2011,2012,BROOKFIELD PRIVATE ADVISORS LLC,0,2011-6-6,2011-6-6
F606,1338607,1338602,LBY,ADAMS,STEFANIE,2011-6-7,2011,2012,"Peregrine Capital Management, Inc.",0,2011-6-7,2011-6-7
F606,1338607,1338607,LBY,"PEREGRINE CAPITAL MANAGEMENT, INC.",,2011-6-7,2011,2012,,0,2011-6-7,2011-6-7
F606,1334632,1334649,LBY,SHUM,JOSEPHINE K.,2011-6-8,2011,2012,BROOKFIELD PRIVATE ADVISORS LLC,0,2011-6-8,2011-6-8
F606,1337867,1337952,LBY,OHM,SCOTT,2011-6-10,2011,2012,"Forward Management, LLC",0,2011-6-10,2011-6-10
F606,E00550,L20916,LBY,Ross,Lynda L.,2011-5-23,2011,2012,"Kaiser Foundation Health Plan, Inc.",0,2011-5-23,2011-5-23
F606,L25908,L25908,LBY,Berman,Howard,2011-4-27,2011,2012,"Dutko Worldwide, LLC",0,2011-4-27,2011-4-27
F606,1319123,1319123,LBY,Nastri,Wayne,2011-4-27,2011,2012,"Dutko Worldwide, LLC",0,2011-4-27,2011-4-27
F606,1301712,1301712,FRM,"Dutko Worldwide, LLC",,2011-4-27,2011,2012,,0,2011-4-27,2011-4-27
F606,E00383,L00380,LBY,HILLEBRAND,GAIL,2011-3-31,2011,2012,"CONSUMERS UNION OF U.S., INC.",0,2011-3-31,2011-3-31
F606,1334884,1334932,LBY,KRAUSE,CURTIS,2011-4-19,2011,2012,FIRST QUADRANT LP,0,2011-4-19,2011-4-19
F606,1334381,1334371,LBY,CRUZ,REIDAN A.,2011-7-13,2011,2012,"Probitas Funds Group, LLC",0,2011-7-13,2011-7-13
F606,E00048,L25209,LBY,SEKTNAN,MARK,2011-5-23,2011,2012,ASSOCIATION OF CALIFORNIA INSURANCE COMPANIES,0,2011-5-23,2011-5-23
F606,1338478,1338480,LBY,RIOS,JOANNE,2011-9-21,2011,2012,"ALINDA CAPITAL PARTNERS, LLC AND AFFILIATED ENTITY ALINDA CAPITAL PARTNERS, LP",0,2011-9-21,2011-9-21
F606,1338565,1338565,LBY,MURPHY,SUZANNE ELIZABETH,2011-8-23,2011,2012,"CLAREN ROAD ASSET MANAGEMENT, LLC",0,2011-8-23,2011-8-23
F606,1339169,1339169,LBY,OLD CITY PARTNERS LLC,,2011-9-22,2011,2012,,0,2011-9-22,2011-9-22
F606,1235595,1337591,LBY,Borden,Linton C.,2012-1-7,2011,2012,California State Conference of Branches of NAACP,0,2012-1-7,2012-1-7
F606,1251462,1251459,LBY,BUCKLEY,JILL A.,2012-1-9,2011,2012,ASPCA,0,2012-1-9,2012-1-9
F606,1297212,1297212,LEM,"American Federation of State, County and Municipal Employees Local 3299",,2012-1-10,2011,2012,,0,2012-1-10,2012-1-10
F606,1338841,1338843,LBY,GREENWALD,CAROLINE S.,2012-3-8,2011,2012,P. Schoenfeld Asset Management LP,0,2012-3-8,2012-3-8
F606,1338841,1338844,LBY,TOBIN,MICHAEL F.,2012-3-8,2011,2012,P. Schoenfeld Asset Management LP,0,2012-3-8,2012-3-8
F606,1338841,1338841,LBY,P. SCHOENFELD ASSET MANAGEMENT LP,,2012-3-8,2011,2012,,0,2012-3-8,2012-3-8
F606,F24151,1334133,LBY,LUTHER BURBANK SCHOOL DISTRICT,,2012-3-12,2011,2011,STUART & ASSOCIATES,0,2012-3-12,2012-3-12
F606,1338183,1338183,LBY,ARPEY,MICHAEL W.,2012-1-6,2011,2012,TCG SECURITIES LLC,0,2012-1-6,2012-1-6
F606,E24756,1294003,LBY,Avila-Gomez,Santiago,2011-12-31,2011,2012,"California Rural Legal Assistance Foundation, Inc.",0,2011-12-31,2011-12-31
F606,E24709,E24709,LBY,CALIFORNIA STATE STUDENT ASSOCIATION,,2012-3-14,2011,2012,,0,2012-3-14,2012-3-14
F606,1339201,1339201,LBY,"ALPHAMETRIX, LLC",,2012-3-15,2011,2012,,0,2012-3-15,2012-3-15
F606,1339201,1339204,LBY,KINS,MIKUS N.,2012-3-15,2011,2012,"AlphaMetrix, LLC",0,2012-3-15,2012-3-15
F606,1339201,1339203,LBY,LEFFAKIS,JASON R.,2012-3-15,2011,2012,"AlphaMetrix, LLC",0,2012-3-15,2012-3-15
F606,1275430,1337522,LBY,GOMEZ,LIZ,2012-5-11,2011,2012,"CALIFORNIA CONSULTING, LLC",0,2012-5-11,2012-5-11
F606,1335093,1335093,LBY,"GREENHILL & CO., LLC",,2011-11-7,2011,2012,,0,2011-11-7,2011-11-7
F606,1335093,1335093,LBY,"GREENHILL & CO., LLC",,2011-11-7,2011,2012,,1,2011-11-7,2011-11-7
F606,1338277,1338277,LBY,"WREN CAPITAL, LLC",,2011-11-7,2011,2012,,0,2011-11-7,2011-11-7
F606,1338277,1338277,LBY,"WREN CAPITAL, LLC",,2011-11-21,2011,2012,,0,2011-11-21,2011-11-21
F606,1337494,1337499,LBY,DODGE,JAMES SCOTT,2011-11-21,2011,2012,TT International,0,2011-11-21,2011-11-21
F606,1334806,1334811,LBY,NOVAES FERNANDES,JULIA,2012-1-19,2011,2012,"SILVER LAKE TECHNOLOGY MANAGEMENT, L.L.C.",0,2012-1-19,2012-1-19
F606,1338841,1338841,LBY,P. SCHOENFELD ASSET MANAGEMENT LP,,2012-3-20,2011,2012,,1,2012-3-20,2012-3-20
F606,F24502,F24502,LBY,CWB CONSULTING,,2012-3-22,2011,2012,,0,2012-3-22,2012-3-22
F606,1337618,1337618,LBY,MIZUHO SECURITIES USA INC.,,2012-3-23,2011,2012,,0,2012-3-23,2012-3-23
F606,1337618,1337618,LBY,MIZUHO SECURITIES USA INC.,,2012-3-23,2011,2012,,0,2012-3-23,2012-3-23
F606,1337987,1337987,LBY,AVESTA CAPITAL ADVISORS LLC,,2011-9-30,2011,2012,,0,2011-9-30,2011-9-30
F606,1284936,1284936,LBY,"MAESTAS STRATEGIC CONSULTING, INC.",,2011-10-4,2007,2008,,0,2011-10-4,2011-10-4
F606,1284936,L25123,LBY,MAESTAS,KATHERINE ELIZABETH,2011-10-5,2007,2008,"MAESTAS STRATEGIC CONSULTING, INC.",0,2011-10-5,2011-10-5
F606,1334631,1334664,LBY,Fulford,Richard,2012-3-28,2011,2012,Pacific Investment Management Company LLC,0,2012-3-28,2012-3-28
F606,1338841,1338841,LBY,P. SCHOENFELD ASSET MANAGEMENT LP,,2012-3-30,2011,2012,,2,2012-3-30,2012-3-30
F606,E00550,1222953,LBY,Wehrle,William S.,2011-8-1,2011,2012,"Kaiser Foundation Health Plan, Inc.",0,2011-8-1,2011-8-1
F606,1335446,1335446,LBY,"DEUTSCHE BANK SECURITIES, INC.",,2011-11-10,2011,2012,,0,2011-11-10,2011-11-10
F606,E22568,1265996,LBY,Henning,Patrick W.,2011-8-2,2011,2012,California State Council of Laborers,0,2011-8-2,2011-8-2
F606,E00259,1320218,LBY,Green,Kelly,2011-8-2,2011,2012,California Nurses Association,0,2011-8-2,2011-8-2
F606,1335769,1342920,LBY,CASEY,MICHAEL H.,2012-1-18,2011,2012,The Blackstone Group L.P.,0,2012-1-18,2012-1-18
F606,1337308,1337308,LBY,NICHOLS; SARA S.,,2012-1-27,2011,2012,,0,2012-1-27,2012-1-27
F606,E24756,1222983,LBY,Guzman Aceves,Martha G.,2011-8-1,2011,2012,"California Rural Legal Assistance Foundation, Inc.",0,2011-8-1,2011-8-1
F606,1318076,1318076,LBY,CHINESE FOR AFFIRMATIVE ACTION/AACRE,,2011-8-26,2009,2010,,0,2011-8-26,2011-8-26
F606,E00169,1293252,LBY,VU,THOMAS M.,2011-9-26,2011,2012,California Chamber of Commerce,0,2011-9-26,2011-9-26
F606,1234759,1234759,LBY,"PARAMOUNT STRATEGIC ADVOCACY, INCORPORATED",,2011-10-31,2011,2012,,0,2011-10-31,2011-10-31
F606,F24917,1297226,LBY,Miller,Jeffrey,2012-2-2,2011,2012,"Capitol Advocacy, LLC",0,2012-2-2,2012-2-2
F606,1284936,1284936,LBY,"MAESTAS STRATEGIC CONSULTING, INC.",,2011-10-5,2007,2008,,1,2011-10-5,2011-10-5
F606,1339181,1339181,LBY,ROBERSON,TODD,2011-12-14,2011,2012,CIVIL JUSTICE ASSOCIATION OF CALIFORNIA,0,2011-12-14,2011-12-14
F606,1294222,1314395,LBY,HELMS,ELIZABETH R.,2012-1-30,2011,2012,Cal Capitol Group,0,2012-1-30,2012-1-30
F606,1340378,1340380,LBY,Ackerman,Reuben B.,2012-2-22,2011,2012,"Audax Management Company, LLC and its subsidiary Audax Management Company (NY), LLC",0,2012-2-22,2012-2-22
F606,E00243,1296922,LBY,Leon,Cynthia,2011-8-29,2011,2012,California Manufacturers & Technology Association,0,2011-8-29,2011-8-29
F606,1337987,1337988,LBY,SIEKIERSKI,EVA,2011-9-30,2011,2012,AVESTA CAPITAL ADVISORS LLC,0,2011-9-30,2011-9-30
F606,1339187,1339190,LBY,BURKE,DAVID A.,2011-10-26,2011,2012,"SG Americas Securities, LLC",0,2011-10-26,2011-10-26
F606,1253659,1253659,LBY,FRANCOIS,TONY L.,2012-1-31,2011,2012,KP PUBLIC AFFAIRS,0,2012-1-31,2012-1-31
F606,L00691,L00691,LBY,BLONIEN,RODNEY J.,2012-3-20,2011,2012,RODNEY J. BLONIEN & ASSOCIATES,0,2012-3-20,2012-3-20
F606,1338841,1338844,LBY,TOBIN,MICHAEL F.,2012-3-30,2011,2012,P. Schoenfeld Asset Management LP,1,2012-3-30,2012-3-30
F606,1338841,1338843,LBY,GREENWALD,CAROLINE S.,2012-3-30,2011,2012,P. Schoenfeld Asset Management LP,1,2012-3-30,2012-3-30
F606,1338237,1338240,LBY,POLLAK,DAVID J.,2011-10-11,2011,2012,Pegasus Capital Advisors,0,2011-10-11,2011-10-11
F606,1338237,1338237,LBY,PEGASUS CAPITAL ADVISORS,,2011-10-11,2011,2012,,0,2011-10-11,2011-10-11
F606,1336607,1337341,LBY,LEVESQUE,SHAUN R.,2011-8-29,2011,2012,Schroder Investment Management North America Inc,0,2011-8-29,2011-8-29
F606,1339187,1339195,LBY,LAWRENCE,LARRY,2011-10-26,2011,2012,"SG Americas Securities, LLC",0,2011-10-26,2011-10-26
F606,1342376,1342376,LBY,JIVIDEN,ROBERT,2012-1-13,2011,2012,"MKP CAPITAL MANAGMENT, L.L.C.",0,2012-1-13,2012-1-13
F606,1336869,1336880,LBY,UHER,PAIGE R.,2012-1-31,2011,2012,"Blum Capital Partners, L.P.",0,2012-1-31,2012-1-31
F606,1318076,1262716,LBY,SEERAM,SANTOSH,2012-4-3,2009,2010,Chinese for Affirmative Action,0,2012-4-3,2012-4-3
F606,1274228,L00650,FRM,BIRDSALL,PETER M.,2011-8-31,2011,2012,SCHOOL INNOVATIONS & ADVOCACY,0,2011-8-31,2011-8-31
F606,1341094,1341094,LBY,NADONE,JOHN,2011-10-14,2011,2012,CALIFORNIA HOSPITAL ASSOCIATION/CALIFORNIA ASSOCIATION OF HOSPITALS & HEALTH SYSTEMS,0,2011-10-14,2011-10-14
F606,1339187,1339194,LBY,GOLLE JR.,RICHARD E.,2011-10-26,2011,2012,"SG Americas Securities, LLC",0,2011-10-26,2011-10-26
F606,1339187,1339189,LBY,BROADHURST,KELLY S.,2011-10-26,2011,2012,"SG Americas Securities, LLC",0,2011-10-26,2011-10-26
F606,1339187,1339192,LBY,DICKSON,PETER A.,2011-10-26,2011,2012,"SG Americas Securities, LLC",0,2011-10-26,2011-10-26
F606,1339187,1339197,LBY,SCHOFFELEN,PAUL G.,2011-10-26,2011,2012,"SG Americas Securities, LLC",0,2011-10-26,2011-10-26
F606,1339187,1339199,LBY,TRESELER,JAMES R.,2011-10-26,2011,2012,"SG Americas Securities, LLC",0,2011-10-26,2011-10-26
F606,1339187,1339193,LBY,DROUMENQ,THOMAS,2011-10-26,2011,2012,"SG Americas Securities, LLC",0,2011-10-26,2011-10-26
F606,1339187,1339191,LBY,CHEONG,REBECCA K.,2011-10-26,2011,2012,"SG Americas Securities, LLC",0,2011-10-26,2011-10-26
F606,1339187,1339198,LBY,THACH,CHARLES C.,2011-10-28,2011,2012,"SG Americas Securities, LLC",0,2011-10-28,2011-10-28
F606,1334631,1334664,LBY,Fulford,Richard,2012-4-9,2011,2012,Pacific Investment Management Company LLC,1,2012-4-9,2012-4-9
F606,1274228,1322086,FRM,MORALES,SANDRA S.,2011-8-31,2011,2012,SCHOOL INNOVATIONS & ADVOCACY,0,2011-8-31,2011-8-31
F606,E24538,1279778,LBY,CARDENAS,NATALIE,2012-4-11,2011,2012,"ANTHEM BLUE CROSS (A SUBSIDIARY OF WELLPOINT, INC.)",0,2012-4-11,2012-4-11
F606,1335969,1335969,LBY,"BLACKROCK FINANCIAL MANAGEMENT, INC.",,2011-10-31,2011,2012,,0,2011-10-31,2011-10-31
F606,1334680,1334687,LBY,KOHN,LARRY A.,2011-7-25,2011,2012,J.P. Morgan Asset Management,0,2011-7-25,2011-7-25
F606,F24535,F24535,LBY,"HACKERBRALY, LLP",,2011-11-18,2011,2012,,0,2011-11-18,2011-11-18
F606,1334988,1336363,LBY,KRONER,TODD P.,2012-2-27,2011,2012,State Street Bank and Trust Company,0,2012-2-27,2012-2-27
F606,1337861,1338827,LBY,ARCHULETTA,CRESTA,2012-4-17,2011,2012,"KIITOS CAPITAL MANAGEMENT, LLC",0,2012-4-17,2012-4-17
F606,1253604,1341979,FRM,SAGE ADVISORS INC,,2011-9-16,2011,2012,,0,2011-9-16,2011-9-16
F606,1341057,1341057,LBY,MODRZEJEWSKI,CHRIS,2011-9-16,2011,2012,"SAGE ADVISORS, INC",0,2011-9-16,2011-9-16
F606,E00019,1259661,LBY,Sanchez,Alecia,2011-9-27,2011,2012,"American Cancer Society, California Division, Inc.",0,2011-9-27,2011-9-27
F606,1324534,1324534,LBY,KOWALEWSKI,LESLIE,2012-2-3,2011,2012,MARCH OF DIMES FOUNDATION,0,2012-2-3,2012-2-3
F606,1274228,1342574,LBY,EVANS-FUDEM,ERIN,2012-4-19,2011,2012,SCHOOL INNOVATIONS & ADVOCACY,0,2012-4-19,2012-4-19
F606,1334727,1334727,LBY,LA VIGNE GROUP; THE,,2012-4-20,2011,2012,,0,2012-4-20,2012-4-20
F606,E00254,1334224,LBY,PRIEGO,ALICIA,2012-4-23,2011,2012,CALIFORNIA MUNICIPAL UTILITIES ASSOCIATION,0,2012-4-23,2012-4-23
F606,E00352,1273031,LBY,Fulp,Shaudi,2012-4-24,2011,2012,Chevron Corporation and its Subsidiaries,0,2012-4-24,2012-4-24
F606,1345404,1345404,LBY,TEST - FIRM - MARCH  2012,,2012-3-3,2011,2012,,0,2012-3-3,2012-3-3
F606,1345404,1345409,LBY,TEST - LOBBYIST - MARCH  2012,,2012-3-3,2011,2012,TEST - FIRM - MARCH 2012,0,2012-3-3,2012-3-3
F606,1345408,1345408,LBY,TEST - EMPLOYER - MARCH  2012,,2012-3-3,2011,2012,,0,2012-3-3,2012-3-3
F606,1338478,1341937,LBY,ROSOFF,KIRA,2012-4-26,2011,2012,"ALINDA CAPITAL PARTNERS, LP",0,2012-4-26,2012-4-26
F606,1338138,1338140,LBY,COLOSIMO,LOUIS A.,2012-4-26,2011,2012,"Commonwealth Associates, LP",0,2012-4-26,2012-4-26
F606,1335965,1335965,LBY,"BLACKROCK CAPITAL MANAGEMENT, INC.",,2011-10-31,2011,2012,,0,2011-10-31,2011-10-31
F606,F24909,F24909,LBY,SILBERSTEIN; SANDRA L.,,2012-1-4,2011,2012,,0,2012-1-4,2012-1-4
F606,F00651,1339420,LBY,MILLS,DANIELLE,2012-1-4,2012,2012,WHITE ASSOCIATES V. JOHN,0,2012-1-4,2012-1-4
F606,1323589,1323589,LBY,THOMPSON PUBLIC AFFAIRS,,2012-1-5,2011,2012,,0,2012-1-5,2012-1-5
F606,1334817,1334817,LBY,SARAH,SOMERS,2012-3-6,2011,2012,"SILVER LAKE TECHNOLOGY MANAGEMENT, L.L.C.",0,2012-3-6,2012-3-6
F606,1312519,1312519,LBY,POWELL,ERNIE,2012-3-1,2011,2012,AARP,0,2012-3-1,2012-3-1
F606,1330154,1330154,LBY,SALAZAR,PATTY,2012-4-30,2011,2012,CALIFORNIA CREDIT UNION LEAGUE,0,2012-4-30,2012-4-30
F606,1337546,1337550,LBY,Mayer,Patrick K.,2012-4-27,2011,2012,Lion Capital LLP,0,2012-4-27,2012-4-27
F606,1337546,1337546,LEM,Lion Capital LLP,,2012-4-27,2011,2012,Lion Capital LLP,0,2012-4-27,2012-4-27
F606,E00383,1279767,LBY,BOWNE,LAUREN,2012-4-30,2011,2012,"CONSUMERS UNION OF U.S., INC.",0,2012-4-30,2012-4-30
F606,1327440,1274727,LBY,Wilcox,Don,2012-11-1,2011,2012,Ogilvy Public Relations Worldwide,0,2012-11-1,2012-11-1
F606,1223090,1223090,LBY,DELLINGER DUNN,KIMBERLEY,2012-11-14,2011,2012,PERSONAL INSURANCE FEDERATION OF CALIFORNIA,0,2012-11-14,2012-11-14
F606,1320497,1320497,FRM,"Rutan & Tucker, LLP",,2012-11-30,2011,2012,,0,2012-11-30,2012-11-30
F606,E00559,1334113,LBY,HOLZEM,DOROTHY,2012-10-22,2011,2012,League of California Cities,0,2012-10-22,2012-10-22
F606,L24700,L24700,LBY,PEREZ,ROY M.,2012-10-16,2011,2012,"RMP STRATEGIES, INC.",0,2012-10-16,2012-10-16
F606,1314881,1314881,LBY,ROOS & COMPANY; MIKE,,2012-10-25,2011,2012,,0,2012-10-25,2012-10-25
F606,1320500,1320500,LBY,Pirayou,Ash,2012-11-30,2011,2012,"Rutan & Tucker, LLP",0,2012-11-30,2012-11-30
F606,E00019,L20976,LBY,Knox,James K.,2012-9-6,2011,2012,"American Cancer Society, California Division, Inc.",0,2012-9-6,2012-9-6
F606,E00019,E00019,LEM,"American Cancer Society, California Division, Inc.",,2012-9-6,2011,2012,"American Cancer Society, California Division, Inc.",0,2012-9-6,2012-9-6
F606,1338866,1338866,LBY,PEDERSEN,DEBRA,2012-9-7,2011,2012,TCG SECURITIES LLC,0,2012-9-7,2012-9-7
F606,1314881,1314881,LBY,ROOS & COMPANY; MIKE,,2012-10-25,2011,2012,,0,2012-10-25,2012-10-25
F606,1336946,1336947,LBY,WHITE,PHILIP A.,2012-10-31,2011,2012,MGPA LIMITED,0,2012-10-31,2012-10-31
F606,1337015,1337015,LBY,CLARA,KIM,2012-5-15,2011,2012,PERELLA WEINBERG PARTNERS CAPITAL MANAGEMENT LP,0,2012-5-15,2012-5-15
F606,E00852,1276842,LBY,PUGLIA,DAVID M.,2012-9-14,2011,2012,Western Growers,0,2012-9-14,2012-9-14
F606,1274228,1342575,LBY,ROMBOLD,JOSEPH,2012-7-9,2011,2011,SCHOOL INNOVATIONS & ADVOCACY,0,2012-7-9,2012-7-9
F606,1337618,1337618,LBY,MIZUHO SECURITIES USA INC.,,2012-5-25,2011,2012,,0,2012-5-25,2012-5-25
F606,1335769,1335769,LBY,"BLACKSTONE GROUP L.P. (AFFILIATED WITH BLACKSTONE MANAGEMENT PARTNERS L.L.C., BLACKSTONE REAL ESTATE ADVISORS VI L.P. AND BLACKSTONE REAL ESTATE SPECIAL SITUATIONS ADVISORS L.L.C.); THE",,2012-6-4,2011,2012,,0,2012-6-4,2012-6-4
F606,E00679,E00679,LBY,PLANNED PARENTHOOD AFFILIATES OF CALIFORNIA,,2012-6-11,2011,2012,,0,2012-6-11,2012-6-11
F606,1329052,1329052,LBY,WILLIAMS,STEPHANIE,2012-6-7,2011,2012,CONOCOPHILLIPS,0,2012-6-7,2012-6-7
F606,1334315,1334315,LBY,ABSHER,MATT,2012-3-16,2011,2012,CALIFORNIA HOSPITAL ASSOCIATION/CALIFORNIA ASSOCIATION OF HOSPITALS & HEALTH SYSTEMS,0,2012-3-16,2012-3-16
F606,1255093,L25823,LBY,LARSON,ROBERTA L.,2012-7-10,2011,2012,SOMACH SIMMONS & DUNN,0,2012-7-10,2012-7-10
F606,E00852,1316132,LBY,MC KECHNIE,KELLY M.,2012-7-19,2011,2012,Western Growers Association,0,2012-7-19,2012-7-19
F606,1316123,1316123,LBY,LANE,PAMELA,2012-2-13,2011,2012,CALIFORNIA HOSPITAL ASSOCIATION/CALIFORNIA ASSOCIATION OF HOSPITALS & HEALTH SYSTEMS,0,2012-2-13,2012-2-13
F606,1316127,1316127,LBY,ROGERS,DEBBY,2011-11-18,2011,2012,CA HOSPITAL ASSOCIATION/CA ASSN OF HOSPITALS AND HEALTH SYSTEMS,0,2011-11-18,2011-11-18
F606,1334806,1334808,LBY,AUSTIN,ALAN,2012-6-22,2011,2012,"SILVER LAKE TECHNOLOGY MANAGEMENT, L.L.C.",0,2012-6-22,2012-6-22
F606,1340307,1340312,LBY,SIMES,TOBY,2012-6-26,2011,2012,"ACTIS, LLP",0,2012-6-26,2012-6-26
F606,E24756,1342026,LBY,Soria,Esmeralda,2012-6-27,2011,2012,"California Rural Legal Assistance Foundation, Inc.",0,2012-6-27,2012-6-27
F606,1274228,1273413,LBY,BURNS,TERI B.,2011-11-22,2011,2011,SCHOOL INNOVATIONS & ADVOCACY,0,2011-11-22,2011-11-22
F606,1274228,1342576,LBY,NARVAEZ,DIANA,2012-7-9,2011,2012,SCHOOL INNOVATIONS & ADVOCACY,0,2012-7-9,2012-7-9
F606,1340604,1340604,LBY,LINKLATERS LLP,,2012-10-31,2011,2012,,0,2012-10-31,2012-10-31
F606,1340307,1340309,LBY,BOND,JONATHON,2012-6-26,2011,2012,"ACTIS, LLP",0,2012-6-26,2012-6-26
F606,1324356,1324356,LBY,HERRERA,IRIS,2012-6-25,2011,2012,CALIFORNIA SPECIAL DISTRICTS ASSOCIATION,0,2012-6-25,2012-6-25
F606,F24664,F24664,FRM,SPRINGER - RBS PUBLIC POLICY STRATEGY,ROBIN BLAIR,2012-7-16,2011,2012,RBS PUBLIC POLICY STRATEGY,0,2012-7-16,2012-7-16
F606,1336869,1341812,LBY,WINTERHALTER,ERIC,2012-7-27,2011,2012,"Blum Capital Partners, L.P.",0,2012-7-27,2012-7-27
F606,1336994,1336995,LBY,LEUNG,MARY,2012-7-2,2011,2012,"CENTERBRIDGE PARTNERS, L.P.",0,2012-7-2,2012-7-2
F606,F24529,1303913,LBY,MUHLENKAMP,CRYSTAL F.,2012-7-3,2011,2012,Conservation Strategy Group,0,2012-7-3,2012-7-3
F606,1285451,1285451,LEM,"Service Employees International Union, Local 1000",,2012-8-9,2011,2012,,0,2012-8-9,2012-8-9
F606,L00692,L00692,LBY,SCHIELE,ANGELA L.,2012-8-20,2011,2012,"BLONIEN & ASSOCIATES, INC.",0,2012-8-20,2012-8-20
F606,1274228,1273413,LBY,BURNS,TERI B.,2011-11-22,2011,2011,SCHOOL INNOVATIONS & ADVOCACY,0,2011-11-22,2011-11-22
F606,1319110,1319110,LBY,FENTON,AMANDA,2012-10-22,2011,2012,"TOWNSEND PUBLIC AFFAIRS, INC.",0,2012-10-22,2012-10-22
F606,1345784,1345785,LBY,GRAY,CLAUDIA,2012-11-5,2011,2012,CLAUDIA D. GRAY,0,2012-11-5,2012-11-5
F606,1345784,1345786,LBY,JOHNSON,EDWARD,2012-11-5,2011,2012,"ADVENT CAPITAL MANAGEMENT, LLC",0,2012-11-5,2012-11-5
F606,F21378,L25004,LBY,POMER,ANNE JUZEK,2012-7-13,2011,2012,Pomer and Associates,0,2012-7-13,2012-7-13
F606,F00515,F00515,FRM,FRED J.,HIESTAND,2012-7-10,2011,2012,"HIESTAND, APC, FRED J.",0,2012-7-10,2012-7-10
F606,E00019,1293990,LBY,Gibbs,Timothy,2012-9-6,2011,2012,"American Cancer Society, California Division, Inc.",0,2012-9-6,2012-9-6
F606,E00169,1293493,LBY,COLEMAN,BRENDA M.,2012-9-19,2011,2012,California Chamber of Commerce,0,2012-9-19,2012-9-19
F606,1235595,1343326,LBY,Reynolds,Michael A.,2012-9-10,2011,2012,California State Conference of Branches of NAACP,0,2012-9-10,2012-9-10
F606,1335769,1346566,LBY,ROTH,ANDREW E.,2012-7-18,2011,2012,The Blackstone Group L.P.,0,2012-7-18,2012-7-18
F606,1345928,1345926,LBY,Jaffee,Matthew,2012-7-18,2011,2012,"TORCHLIGHT INVESTORS, LLC",0,2012-7-18,2012-7-18
F606,1274228,1342576,LBY,NARVAEZ,DIANA,2012-6-30,2011,2012,SCHOOL INNOVATIONS & ADVOCACY,1,2012-6-30,2012-6-30
F606,1274228,1342575,LBY,ROMBOLD,JOSEPH,2012-6-30,2011,2011,SCHOOL INNOVATIONS & ADVOCACY,1,2012-6-30,2012-6-30
F606,1274228,1273413,LBY,BURNS,TERI B.,2011-11-22,2011,2011,SCHOOL INNOVATIONS & ADVOCACY,1,2011-11-22,2011-11-22
F606,1318059,1318059,LBY,DK TAKASHIMA PUBLIC AFFAIRS,,2012-9-24,2011,2012,,0,2012-9-24,2012-9-24
F606,1318059,L24670,LBY,TAKASHIMA,DAVID K.,2012-9-24,2011,2012,DK TAKASHIMA PUBLIC AFFAIRS,0,2012-9-24,2012-9-24
F606,E00054,1300538,LBY,DOUGLASS,LISA N.,2012-9-27,2011,2012,ASSOCIATION OF INDEPENDENT CALIFORNIA COLLEGES & UNIVERSITIES(AICCU),0,2012-9-27,2012-9-27
F606,F00948,1273032,LBY,BERNAL,LINA,2012-9-24,2011,2012,SCHOTT & LITES ADVOCATES LLC,0,2012-9-24,2012-9-24
F606,1339475,1339475,LBY,PHOENIX INVESTMENT ADVISER LLC,,2012-9-28,2011,2012,,0,2012-9-28,2012-9-28
F606,1340099,1340487,LBY,MATTHEWS,STUART GEORGE,2012-10-1,2011,2012,"ANALYTIC INVESTORS, LLC",0,2012-10-1,2012-10-1
F606,1285451,1237154,LBY,Burri,Stephanie,2012-10-2,2012,2013,"Service Employees International Union, Local 1000",0,2012-10-2,2012-10-2
F606,1331546,1331546,LBY,KNOTT,RANDI,2012-7-23,2011,2012,CALIFORNIA HOTEL & LODGING ASSOCIATION,0,2012-7-23,2012-7-23
F606,1285451,1319016,LBY,Farias,Nancy,2012-10-12,2011,2012,"Service Employees International Union, Local 1000",0,2012-10-12,2012-10-12
F606,1335944,1335944,LBY,"MACGREGOR GLOBAL INVESTMENTS, LLC",,2012-10-17,2011,2012,,0,2012-10-17,2012-10-17
F606,1338058,1338060,LBY,RABAGO,RAQUEL,2012-8-14,2011,2012,UBS GLOBAL ASSET MANAGEMENT (AMERICAS) INC.,0,2012-8-14,2012-8-14
F606,1334822,1334828,LBY,MAC DONALD,CHRISTIAN D.,2012-10-17,2011,2012,"BUCHANAN STREET PARTNERS, L.P.",0,2012-10-17,2012-10-17
F606,1263993,1263993,LBY,DUNBAR,LARA D.,2012-10-31,2011,2012,CALIFORNIA RESTAURANT ASSOCIATION,0,2012-10-31,2012-10-31
F606,1334889,1334889,LBY,STARK & ROTH LLC,,2012-8-15,2011,2012,,0,2012-8-15,2012-8-15
F606,1334889,1334887,LBY,COOK,JESSICA,2012-8-15,2011,2012,STARK & ROTH LLC,0,2012-8-15,2012-8-15
F606,1339280,1339467,LBY,Miles,Bill,2012-8-16,2011,2012,Terra Firma Capital Advisers Limited,0,2012-8-16,2012-8-16
F606,1350978,1350978,LBY,GIACOMINI,ANDREW,2012-12-12,2012,2012,HANSON BRIDGETT LLP,0,2012-12-12,2012-12-12
F606,1243061,1243061,FRM,"HANSON BRIDGETT, LLP",,2012-12-12,2011,2012,,0,2012-12-12,2012-12-12
F606,1337062,1337069,LBY,"DAVIS, III",JOHN D.,2012-12-18,2013,2014,"AEW Capital Management, L.P.",0,2012-12-18,2012-12-18
F606,1338037,1334382,LBY,COLEMAN,JAMES R.,2012-12-18,2011,2012,"Probitas Funds Management, UK",0,2012-12-18,2012-12-18
F606,1327440,1327440,FRM,Ogilvy Public Relations Worldwide,,2012-11-30,2011,2012,Ogilvy Public Relations Worldwide,0,2012-11-30,2012-11-30
F606,F20023,1304507,LBY,BOWER,HUBERT O.,2012-12-6,2011,2012,Emanuels Jones & Associates,0,2012-12-6,2012-12-6
F606,E00751,E00751,LBY,METROPULOS,JIM,2012-12-10,2011,2012,SIERRA CLUB,0,2012-12-10,2012-12-10
F606,1338037,1338037,LBY,"PROBITAS FUNDS MANAGEMENT UK, LLP",,2012-12-18,2011,2012,,0,2012-12-18,2012-12-18
F606,F24806,L24933,LBY,EDGAR,EVAN W.R.,2012-12-18,2011,2012,EDGAR & ASSOCIATES INC.,0,2012-12-18,2012-12-18
F606,F24806,L24933,LBY,EDGAR,EVAN W.R.,2012-12-18,2011,2012,EDGAR & ASSOCIATES INC.,1,2012-12-18,2012-12-18
F606,1337851,1337851,LBY,THIS FORM WAS FILED IN ERROR; PLEASE DISREGARD KILPATRICK TOWNSEND & STOCKTON LLP,,2012-12-26,2011,2012,,1,2012-12-26,2012-12-26
F606,F21439,1254234,LBY,MURCH,KEN,2012-12-20,2013,2014,"Murch Bassoff and Associates, Inc.",0,2012-12-20,2012-12-20
F606,1334342,1334342,LBY,ORIGINEERING,,2012-12-22,2011,2012,,0,2012-12-22,2012-12-22
F606,E24531,1335502,LBY,YEAGER,MARISA V.,2012-12-24,2013,2014,LOS ANGELES COUNTY METROPOLITAN TRANSPORTATION AUTHORITY,0,2012-12-24,2012-12-24
F606,1337851,1337851,LBY,KILPATRICK TOWNSEND & STOCKTON LLP,,2012-12-26,2011,2012,,0,2012-12-26,2012-12-26
F606,1345411,1345411,LBY,GOSS,MIKE,2012-12-28,2011,2012,"BAIN CAPITAL PARTNERS, LLC",0,2012-12-28,2012-12-28
F606,1344014,1344014,LBY,SAROFIM REALTY ADVISORS CO.,,2013-1-8,2011,2012,,0,2013-1-8,2013-1-8
F606,1337000,1337000,LBY,HONG,JAE,2012-12-31,2011,2012,"COLUMBUS HILL CAPITAL MANAGEMENT, L.P.",0,2012-12-31,2012-12-31
F606,1295572,1295574,LBY,Strategic Solutions Advisors,Frank,2013-4-30,2013,2014,Enterprise Rancheria,0,2013-4-30,2013-4-30
F606,1342502,1342502,LBY,MILLENNIUM MANAGEMENT LLC,,2013-4-30,2011,2012,,0,2013-4-30,2013-4-30
F606,1353201,1353201,LBY,MASTRONARDI,DARYA,2013-4-30,2013,2013,AXIAL CAPITAL MANAGEMENT,0,2013-4-30,2013-4-30
F606,1348019,1348019,LBY,HICKS,MATTHEW,2013-3-7,2013,2014,"TOWNSEND PUBLIC AFFAIRS, INC.",0,2013-3-7,2013-3-7
F606,1324133,1324133,LBY,BRYANT,JASON,2013-3-5,2013,2014,CALIFORNIA BUILDING INDUSTRY ASSOCIATION,0,2013-3-5,2013-3-5
F606,F24529,1297580,LBY,GALLIPPI,CONCETTA,2013-5-3,2013,2014,CONSERVATION STRATEGY GROUP LLC,1,2013-5-3,2013-5-3
F606,1255093,1255093,LBY,SOMACH SIMMONS & DUNN,,2013-3-13,2013,2014,SOMACH SIMMONS & DUNN,0,2013-3-13,2013-3-13
F606,1275430,1327244,LBY,GARZA II,JUAN,2013-4-16,2013,2014,"CALIFORNIA CONSULTING, LLC",0,2013-4-16,2013-4-16
F606,1275430,1275456,LBY,SAMUELIAN,STEVE,2013-4-16,2013,2014,"CALIFORNIA CONSULTING, LLC",0,2013-4-16,2013-4-16
F606,1275430,1275430,LBY,"CALIFORNIA CONSULTING, LLC",,2013-4-16,2013,2014,,0,2013-4-16,2013-4-16
F606,1334935,1335346,LBY,JUG,LOUIS J.,2013-1-18,2011,2012,Fortress Capital Formation LLC,0,2013-1-18,2013-1-18
F606,F00933,1336657,LBY,LIERMAN HINTZE,BRIANNA,2013-1-28,2013,2014,"NIELSEN MERKSAMER PARRINELLO GROSS & LEONI, LLP",0,2013-1-28,2013-1-28
F606,1335423,1335425,LBY,VOLI,EMILIO,2013-1-29,2011,2012,"Apax Partners, L.L.P.",0,2013-1-29,2013-1-29
F606,1337490,1337492,LBY,BARNES,WILLIAM H.,2013-3-21,2013,2014,NEUBERGER BERMAN GROUP LLC,0,2013-3-21,2013-3-21
F606,E00021,1340757,LBY,BUCK,ANNA,2013-3-25,2013,2014,Consumer Attorneys Of California,0,2013-3-25,2013-3-25
F606,1339292,1339292,LBY,DICKSON,THOMAS J.,2013-4-15,2013,2014,"FRANKLIN RESOURCES, INC. AND ITS AFFILIATE, FRANKLIN TEMPLETON INSTITUTIONAL, LLC",0,2013-4-15,2013-4-15
F606,E00397,L25852,LBY,WILTSHIRE,JIM,2013-1-31,2008,2013,CALIFORNIA STATE ASSOCIATION OF COUNTIES,0,2013-1-31,2013-1-31
F606,1336982,1336982,LBY,"WEINMAN CONSULTING SERVICES, LLC",,2013-1-31,2011,2012,,0,2013-1-31,2013-1-31
F606,1348782,1297690,LEM,FRANKLIN-MC KINLEY ELEMENTARY SCHOOL DISTRICT,,2013-4-1,2013,2014,CAPITOL ADVISORS GROUP LLC,0,2013-4-1,2013-4-1
F606,E00203,1301682,LBY,FOX,ANDREA C.,2013-4-1,2013,2014,California Farm Bureau Federation,0,2013-4-1,2013-4-1
F606,F24529,1297580,LBY,GALLIPPI,CONCETTA,2013-4-26,2013,2014,CONSERVATION STRATEGY GROUP LLC,0,2013-4-26,2013-4-26
F606,E00168,1338502,LBY,PARKS,MARGO,2013-11-22,2013,2014,California Cattlemen's Association,0,2013-11-22,2013-11-22
F606,F00369,1336657,LBY,Hintze,Brianna Lierman,2013-11-22,2013,2014,Nossaman LLP,0,2013-11-22,2013-11-22
F606,1357119,1357119,LBY,HUTCHENS,C. REED,2014-1-16,2013,2014,"FRANKLIN RESOURCES, INC. AND ITS AFFILIATE, FRANKLIN TEMPLETON INSTITUTIONAL, LLC",0,2014-1-16,2014-1-16
F606,1345406,1345428,LBY,MC KIERNAN,PAUL,2013-7-11,2013,2014,QS INVESTORS AND AFFILIATED ENTITIES,0,2013-7-11,2013-7-11
F606,1315531,1315531,LBY,DE LIMA,FRANK,2013-7-15,2013,2014,"STRATEGIC ADVOCATION, INC.",0,2013-7-15,2013-7-15
F606,1338026,1346848,LBY,MAHONEY,MEAGHAN K.,2013-7-17,2013,2014,"Strategic Value Partners, LLC",0,2013-7-17,2013-7-17
F606,1338853,1338856,LBY,BRODIE,CAITLIN,2013-11-26,2013,2014,SL Capital Partners LLP,0,2013-11-26,2013-11-26
F606,C24915,1310850,LBY,ALEXANDER,APRIL C.,2014-1-24,2013,2014,"MOLINA HEALTHCARE, INC.",0,2014-1-24,2014-1-24
F606,1251295,1251295,LBY,GALLEGOS,MARTIN,2013-7-8,2013,2014,CALIFORNIA HOSPITAL ASSOCIATION/CALIFORNIA ASSOCIATION OF HOSPITALS AND HEALTH SYSTEMS ,0,2013-7-8,2013-7-8
F606,1245581,1245581,LBY,GOVERNMENT RELATIONS GROUP,,2013-10-7,2013,2014,,0,2013-10-7,2013-10-7
F606,F24677,F24677,LBY,"CASSIDY & ASSOCIATES, INC.",,2013-10-9,2013,2014,,0,2013-10-9,2013-10-9
F606,E00559,1316301,LBY,KARL,NATASHA,2013-12-12,2013,2014,League of California Cities,0,2013-12-12,2013-12-12
F606,E01436,L25663,LBY,KUHNS,ANN-LOUISE,2013-12-13,2013,2014,BRISTOL-MYERS SQUIBB COMPANY,0,2013-12-13,2013-12-13
F606,1356869,1356869,LBY,COMAC CAPITAL LLP,,2014-1-28,2013,2014,,0,2014-1-28,2014-1-28
F606,1334935,1335102,LBY,ROSENGARTEN,MAGDALENA J.,2014-1-28,2013,2014,Fortress Capital Formation LLC,0,2014-1-28,2014-1-28
F606,1334935,1358276,LBY,COOKHORN,GARY,2014-1-28,2013,2014,Fortress Capital Formation LLC,0,2014-1-28,2014-1-28
F606,1358476,1358476,LBY,Moore,Gwen,2013-10-11,2013,2014,GeM Communications Group,0,2013-10-11,2013-10-11
F606,1255093,1255093,LBY,SOMACH SIMMONS & DUNN,,2013-12-12,2013,2014,SOMACH SIMMONS & DUNN,1,2013-12-12,2013-12-12
F606,1346492,1334665,LBY,CLARKE,JAMES R.,2013-7-30,2013,2014,Plus Securities LLC,0,2013-7-30,2013-7-30
F606,C26124,1343725,LBY,Faber,Lauren,2013-7-30,2013,2014,,0,2013-7-30,2013-7-30
F606,E01103,1304058,LBY,THORPE,W. SCOTT,2013-8-5,2013,2014,California District Attorneys Associaton,0,2013-8-5,2013-8-5
F606,1336197,1354314,LBY,MC DERMOTT,LAUREN J.,2013-10-23,2013,2014,Babson Capital Management,0,2013-10-23,2013-10-23
F606,1357156,1357156,LBY,HERNANDEZ-SANTANA; AL,,2013-12-24,2013,2014,,0,2013-12-24,2013-12-24
F606,1344606,1344606,LBY,MITCHELL,JOHN,2013-12-24,2013,2015,"JAMISON CAPITAL PARTNERS, LP",0,2013-12-24,2013-12-24
F606,1299801,1299801,LBY,Smith,Mark,2013-5-8,2013,2014,American Council of Engineering Companies California,0,2013-5-8,2013-5-8
F606,1334582,1334605,LBY,ONO,MOLLY E.,2013-5-10,2013,2014,"INVESCO ADVISERS, INC.",0,2013-5-10,2013-5-10
F606,1325943,1339702,LBY,GARBIEN,ANIA,2013-5-6,2013,2014,Mercury Public Affairs,0,2013-5-6,2013-5-6
F606,1336876,1336876,LBY,GARRISON INVESTMENT GROUP LP,,2013-5-16,2011,2012,,0,2013-5-16,2013-5-16
F606,1335456,1335462,LBY,KRAUCH,WILLIAM K.,2013-5-17,2013,2014,"Clarion Partners, LLC",0,2013-5-17,2013-5-17
F606,1340117,1340117,LBY,GORTNER,FREDERICK,2013-5-22,2013,2014,"PALADIN REALTY PARTNERS, LLC",0,2013-5-22,2013-5-22
F606,1327123,1327123,LBY,"SENATORS (RET.) FIRM, LLP; THE",,2013-7-5,2013,2014,,0,2013-7-5,2013-7-5
F606,1327123,1327125,LBY,ESCUTIA,MARTHA M.,2013-7-5,2013,2014,"The Senators (Ret.) Firm, LLP",0,2013-7-5,2013-7-5
F606,1335201,1335202,LBY,Grover,Michael D.,2013-9-10,2013,2014,Black River Asset Management LLC,0,2013-9-10,2013-9-10
F606,1360412,1307041,LBY,AREIAS,RUSTY,2013-9-19,2011,2012,"California Strategies, LLC",0,2013-9-19,2013-9-19
F606,1358474,1358474,FRM,GeM Communications Group,,2013-10-11,2013,2014,,0,2013-10-11,2013-10-11
F606,1236171,1236171,LBY,PLOTKIN ZINS & ASSOCIATES DBA PLOTKIN GOVERNMENT RELATIONS,,2013-7-31,2013,2014,,0,2013-7-31,2013-7-31
F606,1279189,1338576,LBY,GUTHRIE,RONDI D.,2013-6-13,2013,2014,THE CRISCOM COMPANY,0,2013-6-13,2013-6-13
F606,E00383,1324544,LBY,JUN,MICHELLE,2013-8-8,2013,2014,"CONSUMERS UNION of U.S., INC.",0,2013-8-8,2013-8-8
F606,E21985,L24215,LBY,Ryan,Patricia,2013-10-24,2013,2014,CALIFORNIA MENTAL HEALTH DIRECTORS ASSOCIATION,0,2013-10-24,2013-10-24
F606,F00369,1348179,LBY,Rosa,Josh,2013-11-27,2013,2014,Nossaman LLP,0,2013-11-27,2013-11-27
F606,1335099,1353859,LBY,COOK,MICHAEL,2013-12-17,2013,2014,Macquarie Infrastructure and Real Assets Inc.,0,2013-12-17,2013-12-17
F606,1334636,1334637,LBY,FISHER,JULIE A.,2013-6-14,2013,2014,PROVIDENCE EQUITY PARTNERS L.L.C. AND AFFILIATED ENTITIES,0,2013-6-14,2013-6-14
F606,1335460,1342893,LBY,"FOWLER, III",WILLIAM ROBERT,2013-6-17,2013,2014,"Mesirow Financial Services, Inc.",0,2013-6-17,2013-6-17
F606,E01348,1342916,LBY,Kim,Shirley,2013-8-5,2013,2014,California Faculty Association,0,2013-8-5,2013-8-5
F606,E00397,1303816,LBY,ORTEGA,ERAINA,2013-8-16,2002,2013,CALIFORNIA STATE ASSOCIATION OF COUNTIES,0,2013-8-16,2013-8-16
F606,E00207,1316130,LBY,Henestroza,Monica,2013-10-25,2013,2014,California Federation of Teachers,0,2013-10-25,2013-10-25
F606,E01103,1304058,LBY,Thorpe,,2013-10-28,2013,2014,,0,2013-10-28,2013-10-28
F606,1235952,1235952,LBY,LEGISLATIVE & MANAGEMENT STRATEGIES INC.,,2013-10-28,2013,2013,Legislative & Management Strategies Inc.,0,2013-10-28,2013-10-28
F606,1235952,L00611,LBY,KILBOURN,MICHAEL B.,2013-10-29,2013,2013,Legislative & Management Strategies Inc.,0,2013-10-29,2013-10-29
F606,1357156,L25148,LBY,HERNANDEZ-SANTANA,ANIBAL 'AL',2013-12-24,2013,2014,"AL Hernandez-Santana  J.D., M.C.P.",0,2013-12-24,2013-12-24
F606,1347836,1357296,LBY,MAVLEOS,BRANDON,2014-1-2,2013,2014,Morgan Stanley Investment Management Inc.,0,2014-1-2,2014-1-2
F606,F00946,F00946,LBY,TAUGHER,FRED,2013-12-31,2013,2014,"PUBLIC POLICY ADVOCATES, LLC",0,2013-12-31,2013-12-31
F606,1323059,1323059,LBY,Johnson,Martha,2014-1-6,2013,2014,AT&T Inc. and its Affiliates,0,2014-1-6,2014-1-6
F606,1334582,1334603,LBY,DEWBERRY,TANJI D.,2014-1-7,2013,2014,"INVESCO ADVISERS, INC.",0,2014-1-7,2014-1-7
F606,1356955,1356955,LBY,HOWARD AGENCY; THE,,2013-8-20,2013,2014,,0,2013-8-20,2013-8-20
F606,1241856,1241856,LBY,BOYD,KELLY,2013-8-15,2013,2014,SOUTHERN CALIFORNIA EDISON,0,2013-8-15,2013-8-15
F606,1347432,1347433,LBY,SARAGOSA,MICHAEL,2013-10-30,2013,2014,QUINTANA-SARAGOSA PUBLIC AFFAIRS,0,2013-10-30,2013-10-30
F606,F24529,1357662,LEM,SAN FRANCISCO BAYKEEPER,,2014-1-8,2013,2014,CONSERVATION STRATEGY GROUP LLC,0,2014-1-8,2014-1-8
F606,1352095,1352095,LBY,LARSON; ROBERTA L.,,2013-6-24,2013,2014,,0,2013-6-24,2013-6-24
F606,1349132,1349132,LBY,MAMAN,STACEY,2013-10-30,2013,2014,MONARCH ALTERNATIVE CAPITAL LP,0,2013-10-30,2013-10-30
F606,F24860,F24860,LBY,MOSSBURG & ASSOCIATES KATHLEEN,,2014-1-10,2013,2014,MOSSBURG & ASSOCIATES KATHLEEN,0,2014-1-10,2014-1-10
F606,F22253,F22253,LBY,ARRIETA (DBA-DNA ASSOCIATES); DAVID,,2014-1-14,2013,2014,,0,2014-1-14,2014-1-14
F606,1251132,C00503,FRM,HEARING HEALTHCARE PROVIDERS/CALIFORNIA,,2013-9-5,2013,2014,GOVERNMENT RELATIONS GROUP INC.,0,2013-9-5,2013-9-5
F606,L25590,L25590,LBY,Naten,Derek L.,2013-9-5,2013,2014,"BAYER HEALTHCARE, LLC",0,2013-9-5,2013-9-5
F606,1335201,1343729,LBY,Mooers,Mark A.,2013-9-10,2013,2014,Black River Asset Management LLC,0,2013-9-10,2013-9-10
F606,E00981,1255631,LBY,Golka,Joshua,2013-9-14,2013,2014,California School Employees Association,0,2013-9-14,2013-9-14
F606,1356318,1356318,FRM,Lehane,Erin,2013-10-21,2013,2014,Erin Lehane,0,2013-10-21,2013-10-21
F606,1356318,1356310,LBY,Lehane,Erin,2013-10-21,2013,2014,Erin Lehane,0,2013-10-21,2013-10-21
F606,1355964,1335386,LBY,ANDREINI,ALAN J.,2014-1-15,2013,2014,"CARRINGTON CAPITAL MANAGEMENT, LLC",0,2014-1-15,2014-1-15
F606,1358121,1358121,LBY,PARK HILL REAL ESTATE GROUP LLC,,2014-1-15,2013,2014,,0,2014-1-15,2014-1-15
F606,1334652,1334652,LBY,KEENE CONSULTING,,2013-6-30,2013,2014,,0,2013-6-30,2013-6-30
F606,1334652,1334653,LBY,KEENE,RICK,2013-6-30,2013,2014,Keene Consulting,0,2013-6-30,2013-6-30
F606,E22586,L23346,LBY,MAAS,BRIAN  W.,2013-9-16,2013,2014,CALIFORNIA NEW CAR DEALERS ASSOCIATION,0,2013-9-16,2013-9-16
F606,1356724,1356724,LBY,"HMA PUBLIC ADVOCATES, AN AFFILIATE OF HEALTH MANAGEMENT ASSOCIATES",,2013-9-18,2013,2014,,0,2013-9-18,2013-9-18
F606,1360412,1360412,LBY,"CALIFORNIA STRATEGIES, LLC",,2013-9-18,2011,2012,,0,2013-9-18,2013-9-18
F606,1360412,1360412,LBY,"CALIFORNIA STRATEGIES, LLC",,2013-9-18,2011,2012,,0,2013-9-18,2013-9-18
F606,1342502,1342502,LBY,MILLENNIUM MANAGEMENT LLC,,2013-7-9,2011,2012,,0,2013-7-9,2013-7-9
F606,F24529,1297580,LBY,GALLIPPI,CONCETTA,2013-5-3,2013,2014,CONSERVATION STRATEGY GROUP LLC,2,2013-5-3,2013-5-3
F606,L20507,L20507,LBY,HAWKINS,J. MICHAEL,2013-9-30,2013,2014,CARPENTER HAWKINS SIEVERS,0,2013-9-30,2013-9-30
F606,E00383,L25891,LBY,SOBEL,LAUREN,2013-9-30,2013,2014,"CONSUMERS UNION OF U.S., INC.",0,2013-9-30,2013-9-30
F606,1348782,C21130,LEM,OXNARD UNION HIGH SCHOOL DISTRICT,,2013-10-18,2013,2014,CAPITOL ADVISORS GROUP LLC,0,2013-10-18,2013-10-18
F606,1355830,1355830,FRM,KMA Consulting,,2014-1-1,2013,2014,,0,2014-1-1,2014-1-1
F606,1301674,1301674,LBY,KNOX,BLAIR,2014-1-22,2013,2014,CA INDEPENDENT PETROLEUM ASSN (CIPA),0,2014-1-22,2014-1-22
F606,1358557,1358557,LBY,HOAK,MICHAEL,2014-1-31,2013,2014,AXIAL CAPITAL MANAGEMENT LLC,0,2014-1-31,2014-1-31
F606,1355830,1355828,LBY,Balgenorth,Robert,2014-1-1,2013,2014,KMA Consulting,0,2014-1-1,2014-1-1
